station_num,Date,Max_humidity,Min_humidity,Max_Temperature,Min_Temperature
91107,2015/01/01,95,32,22.6,7.9
91107,2015/01/02,99,68,20.7,5.7
91107,2015/01/03,99,57,25.4,16.1
91107,2015/01/04,96,26,24.6,11.4
91107,2015/01/05,99,53,19.6,8.8
91107,2015/01/06,99,63,20.6,9.4
91107,2015/01/07,100,65,22.6,14.8
91107,2015/01/08,100,82,20.8,14.6
91107,2015/01/09,99,56,20.3,9.4
91107,2015/01/10,99,64,19.9,13.6
91107,2015/01/11,100,66,20.7,11.2
91107,2015/01/12,99,64,20.5,12.9
91107,2015/01/13,100,73,19.3,17
91107,2015/01/14,100,55,25.2,16.6
91107,2015/01/15,90,51,21.5,11.7
91107,2015/01/16,99,60,19.4,10.1
91107,2015/01/17,91,47,18.7,9.2
91107,2015/01/18,79,40,18.4,10.2
91107,2015/01/19,99,45,16.5,4.7
91107,2015/01/20,90,67,19.3,14
91107,2015/01/21,100,68,23.1,17
91107,2015/01/22,100,79,21.4,16.5
91107,2015/01/23,100,43,24.2,10.5
91107,2015/01/24,99,52,20.4,5.2
91107,2015/01/25,99,51,16.9,8.6
91107,2015/01/26,99,37,19.3,4.5
91107,2015/01/27,77,39,20.2,9.1
91107,2015/01/28,99,37,20.5,6.7
91107,2015/01/29,82,42,20.4,8.3
91107,2015/01/30,93,38,22.7,7.1
91107,2015/01/31,95,47,24.2,9.8
91107,2015/02/01,93,58,20.3,13
91107,2015/02/02,84,40,23.1,13.9
91107,2015/02/03,90,39,24.2,12.9
91107,2015/02/04,78,41,18.5,9.4
91107,2015/02/05,95,43,22.7,6.3
91107,2015/02/06,99,49,21.6,8.8
91107,2015/02/07,99,73,21.6,13.2
91107,2015/02/08,100,29,25.6,11.7
91107,2015/02/09,99,52,19.7,12.5
91107,2015/02/10,91,64,20.2,12.9
91107,2015/02/11,95,52,24.4,15.4
91107,2015/02/12,84,52,20,9.5
91107,2015/02/13,81,55,18.9,13.6
91107,2015/02/14,99,67,21.8,15.2
91107,2015/02/15,100,77,21.4,18.8
91107,2015/02/16,100,49,24,15.7
91107,2015/02/17,96,72,21,10.9
91107,2015/02/18,100,87,16.2,13.7
91107,2015/02/19,100,73,21.5,19.5
91107,2015/02/20,100,35,28.1,18.1
91107,2015/02/21,100,68,22.9,18.3
91107,2015/02/22,99,78,23.7,20.2
91107,2015/02/23,100,42,23.5,13.5
91107,2015/02/24,70,40,21,12.6
91107,2015/02/25,89,54,20.4,13.4
91107,2015/02/26,99,47,25.1,13.2
91107,2015/02/27,99,44,21.6,7.8
91107,2015/02/28,100,70,18.8,8.4
91107,2015/03/01,95,47,19.5,10
91107,2015/03/02,95,55,18.3,5.2
91107,2015/03/03,99,40,21.1,6.1
91107,2015/03/04,99,56,20.5,12.5
91107,2015/03/05,93,35,16.9,7.5
91107,2015/03/06,85,40,19.5,9.6
91107,2015/03/07,99,65,20.2,9.7
91107,2015/03/08,99,68,20.6,12.4
91107,2015/03/09,100,55,20.3,9.4
91107,2015/03/10,99,49,19,5.5
91107,2015/03/11,99,53,19.7,6.7
91107,2015/03/12,100,49,18.6,7.4
91107,2015/03/13,99,45,17.1,2.2
91107,2015/03/14,99,63,19.6,5.7
91107,2015/03/15,93,45,15.8,5.3
91107,2015/03/16,99,57,17.5,4.8
91107,2015/03/17,100,69,18,14.7
91107,2015/03/18,100,69,20.1,13.5
91107,2015/03/19,100,83,18.2,9.7
91107,2015/03/20,100,43,17.2,5.9
91107,2015/03/21,99,49,16.3,3.5
91107,2015/03/22,99,74,19.9,9.1
91107,2015/03/23,100,73,19.4,12.1
91107,2015/03/24,95,47,18.4,5.5
91107,2015/03/25,96,55,16.8,6.2
91107,2015/03/26,99,73,15.2,7.5
91107,2015/03/27,99,57,18.6,7.1
91107,2015/03/28,97,58,18.1,9.1
91107,2015/03/29,95,69,18.6,11.3
91107,2015/03/30,100,62,19.4,9.3
91107,2015/03/31,99,67,18.7,8.3
91107,2015/04/01,100,83,18.9,7.9
91107,2015/04/02,99,42,16.9,9.1
91107,2015/04/03,95,46,15.3,3.5
91107,2015/04/04,99,72,16.2,4.4
91107,2015/04/05,100,56,20,9.6
91107,2015/04/06,98,55,18.5,7.9
91107,2015/04/07,99,50,18.3,7.3
91107,2015/04/08,98,46,18.9,4.2
91107,2015/04/09,99,61,16.8,4.3
91107,2015/04/10,99,68,17.1,7.9
91107,2015/04/11,99,59,15.6,9.1
91107,2015/04/12,91,39,17.3,6.2
91107,2015/04/13,99,53,15.3,1.5
91107,2015/04/14,99,77,16.3,7.4
91107,2015/04/15,99,84,19.6,14
91107,2015/04/16,99,53,16.7,10.2
91107,2015/04/17,99,60,17,6.2
91107,2015/04/18,99,68,16.8,6.7
91107,2015/04/19,99,39,13.9,1.4
91107,2015/04/20,99,40,16.4,0.3
91107,2015/04/21,99,54,15.8,2.3
91107,2015/04/22,99,58,18.4,4.4
91107,2015/04/23,100,67,17.2,5.3
91107,2015/04/24,100,93,14.3,11.1
91107,2015/04/25,100,62,17.6,9.7
91107,2015/04/26,98,56,15.1,5.7
91107,2015/04/27,100,54,16.2,0.9
91107,2015/04/28,96,53,16,4.4
91107,2015/04/29,99,54,17.1,2.5
91107,2015/04/30,99,67,16.6,3.4
91107,2015/05/01,100,76,17.4,6.4
91107,2015/05/02,100,83,17.2,12.2
91107,2015/05/03,100,78,15.6,4.9
91107,2015/05/04,100,75,16.8,5.2
91107,2015/05/05,100,68,15.9,10.2
91107,2015/05/06,99,73,13.2,6.2
91107,2015/05/07,94,77,10.4,6.1
91107,2015/05/08,99,75,14.8,9.9
91107,2015/05/09,99,74,16.1,9.5
91107,2015/05/10,99,70,14.1,7.9
91107,2015/05/11,99,64,13.6,5.2
91107,2015/05/12,99,73,11.8,5.6
91107,2015/05/13,96,64,11.7,2.5
91107,2015/05/14,88,61,16,9.3
91107,2015/05/15,99,56,17,4.4
91107,2015/05/16,99,65,15.2,4
91107,2015/05/17,99,75,14.9,0.5
91107,2015/05/18,100,79,14.9,2
91107,2015/05/19,100,87,14.4,9.6
91107,2015/05/20,100,81,14.1,6.7
91107,2015/05/21,99,61,13.7,5.9
91107,2015/05/22,99,60,12.2,2.1
91107,2015/05/23,99,54,15.1,0
91107,2015/05/24,99,72,11.8,-1.5
91107,2015/05/25,99,78,14,4.4
91107,2015/05/26,100,72,16.4,2.5
91107,2015/05/27,100,85,14.9,5.2
91107,2015/05/28,100,77,15.6,7.9
91107,2015/05/29,99,64,13.4,2.6
91107,2015/05/30,99,75,13.4,6.9
91107,2015/05/31,99,66,11.9,1
91107,2015/06/01,99,64,9.5,-1.1
91107,2015/06/02,99,55,11.8,-1.3
91107,2015/06/03,99,62,11.6,-0.9
91107,2015/06/04,99,67,11.4,0.1
91107,2015/06/05,100,83,11.6,5.2
91107,2015/06/06,100,94,15,7.8
91107,2015/06/07,99,81,15.5,11.5
91107,2015/06/08,99,80,14.2,9.1
91107,2015/06/09,95,73,10.7,4.4
91107,2015/06/10,99,74,11.5,0.7
91107,2015/06/11,99,65,13.9,1.1
91107,2015/06/12,99,61,13.3,-0.2
91107,2015/06/13,100,76,13.3,4.5
91107,2015/06/14,100,96,11.6,8.5
91107,2015/06/15,100,85,12.4,10.1
91107,2015/06/16,99,84,12.5,11.4
91107,2015/06/17,100,69,14.4,6.4
91107,2015/06/18,99,48,10.9,1.2
91107,2015/06/19,99,58,10,-1.1
91107,2015/06/20,99,61,10,-2.3
91107,2015/06/21,99,59,10.2,-3
91107,2015/06/22,99,68,12.6,2.9
91107,2015/06/23,99,74,14.2,9.7
91107,2015/06/24,99,86,13.6,9
91107,2015/06/25,99,76,14.2,3.6
91107,2015/06/26,100,73,14.7,8
91107,2015/06/27,99,70,14.5,9.7
91107,2015/06/28,99,74,14.9,7.2
91107,2015/06/29,100,70,14.7,3.7
91107,2015/06/30,99,72,13.7,1.1
91107,2015/07/01,100,70,13.5,0.9
91107,2015/07/02,99,62,9.8,2.5
91107,2015/07/03,99,72,11.5,-1.2
91107,2015/07/04,100,72,13.9,5.2
91107,2015/07/05,100,94,12.9,5.7
91107,2015/07/06,100,66,10.4,2
91107,2015/07/07,99,59,9.7,-1.9
91107,2015/07/08,99,80,9.5,-1.2
91107,2015/07/09,100,90,12.8,6.8
91107,2015/07/10,99,77,13.1,9.7
91107,2015/07/11,99,82,13.8,8.6
91107,2015/07/12,99,64,15,6.7
91107,2015/07/13,91,61,11.7,6.5
91107,2015/07/14,99,67,9.1,4.2
91107,2015/07/15,99,58,10.4,2
91107,2015/07/16,99,67,9.4,-0.8
91107,2015/07/17,99,54,11.2,-1
91107,2015/07/18,99,53,10.7,-2.1
91107,2015/07/19,99,75,10.3,-2.7
91107,2015/07/20,99,63,10.8,5.9
91107,2015/07/21,98,70,13.5,7.1
91107,2015/07/22,99,62,14.2,2.8
91107,2015/07/23,100,82,12.9,0.9
91107,2015/07/24,100,83,12.5,4.9
91107,2015/07/25,100,67,12.2,4.1
91107,2015/07/26,96,74,8.2,5.1
91107,2015/07/27,99,72,12.2,2.8
91107,2015/07/28,99,79,13.5,5.8
91107,2015/07/29,100,84,11.5,1.4
91107,2015/07/30,99,71,12.4,6.1
91107,2015/07/31,99,69,11.1,0
91107,2015/08/01,99,66,10.4,2.3
91107,2015/08/02,99,81,10.6,2.2
91107,2015/08/03,99,68,7.7,0.9
91107,2015/08/04,99,77,10.6,-1.9
91107,2015/08/05,99,72,7.7,1.5
91107,2015/08/06,99,69,12.2,-1.2
91107,2015/08/07,100,54,13.9,-0.2
91107,2015/08/08,99,71,10.6,-0.4
91107,2015/08/09,100,88,11.4,3.1
91107,2015/08/10,100,79,11,6
91107,2015/08/11,99,72,12.1,6.1
91107,2015/08/12,100,66,14.5,6.8
91107,2015/08/13,99,62,12.3,4.1
91107,2015/08/14,100,63,15.2,4.1
91107,2015/08/15,100,84,10.6,-0.2
91107,2015/08/16,100,77,13.3,6.3
91107,2015/08/17,99,67,8.7,0.5
91107,2015/08/18,99,67,11,-1.8
91107,2015/08/19,99,62,10.2,-1.9
91107,2015/08/20,99,79,10.2,0
91107,2015/08/21,99,77,13.4,8.7
91107,2015/08/22,100,69,15.4,8
91107,2015/08/23,100,61,14.2,5.3
91107,2015/08/24,99,59,11.2,0.7
91107,2015/08/25,99,59,12.5,-0.7
91107,2015/08/26,99,62,12.2,-0.2
91107,2015/08/27,99,68,14.7,8.7
91107,2015/08/28,80,40,12.5,2.3
91107,2015/08/29,85,52,14.2,3.9
91107,2015/08/30,99,45,12.5,-0.3
91107,2015/08/31,99,56,11.7,-1.7
91107,2015/09/01,99,65,12.3,-0.5
91107,2015/09/02,99,77,11.2,-0.1
91107,2015/09/03,99,43,15.8,5
91107,2015/09/04,98,58,14.9,1
91107,2015/09/05,99,48,15.5,3
91107,2015/09/06,100,84,11.8,9.3
91107,2015/09/07,99,72,13.7,8.8
91107,2015/09/08,94,59,15.8,6.2
91107,2015/09/09,99,56,15.6,3.3
91107,2015/09/10,100,59,16.4,5.6
91107,2015/09/11,99,77,13.9,6
91107,2015/09/12,100,73,17.8,5.6
91107,2015/09/13,100,83,14.7,6.7
91107,2015/09/14,100,80,15.9,8.9
91107,2015/09/15,100,64,15.5,6.6
91107,2015/09/16,99,51,14.5,2
91107,2015/09/17,99,62,15.6,3.4
91107,2015/09/18,99,58,13.9,4.2
91107,2015/09/19,100,81,13.3,8
91107,2015/09/20,100,91,14.1,10.6
91107,2015/09/21,99,57,15.3,6.9
91107,2015/09/22,85,42,12.3,5
91107,2015/09/23,95,48,12.3,-0.4
91107,2015/09/24,99,49,14.8,1.7
91107,2015/09/25,100,64,15,2.3
91107,2015/09/26,100,76,13.5,5.2
91107,2015/09/27,100,75,14.2,2.9
91107,2015/09/28,100,86,12.8,9.5
91107,2015/09/29,100,51,16.2,4
91107,2015/09/30,99,46,16.3,3.5
91107,2015/10/01,99,76,14.9,2.6
91107,2015/10/02,99,65,17.8,8.4
91107,2015/10/03,100,35,21.7,5.8
91107,2015/10/04,94,28,22.1,6.6
91107,2015/10/05,100,84,14.9,7.1
91107,2015/10/06,100,51,22.9,7.2
91107,2015/10/07,80,37,17,5.4
91107,2015/10/08,99,0,13.7,0
91107,2015/10/09,97,56,16.9,7.5
91107,2015/10/10,96,73,15.4,8.9
91107,2015/10/11,96,36,20.9,9.7
91107,2015/10/12,85,41,18.8,8.9
91107,2015/10/13,92,62,14,5.9
91107,2015/10/14,94,66,14.9,3.8
91107,2015/10/15,97,68,18.3,7.1
91107,2015/10/16,89,38,20.2,5.7
91107,2015/10/17,96,44,16.8,2.4
91107,2015/10/18,94,48,17.2,2
91107,2015/10/19,93,64,14.1,5.2
91107,2015/10/20,95,76,14,4.4
91107,2015/10/21,95,45,21.5,9.6
91107,2015/10/22,95,49,16.1,8.4
91107,2015/10/23,89,48,15.5,6.8
91107,2015/10/24,90,42,19.8,4.1
91107,2015/10/25,94,69,15.1,7.7
91107,2015/10/26,95,50,17.2,9.5
91107,2015/10/27,90,52,14.2,4.3
91107,2015/10/28,94,58,16.3,2.8
91107,2015/10/29,95,63,16.8,5.1
91107,2015/10/30,94,64,17.7,6.3
91107,2015/10/31,96,76,17.2,13.6
91107,2015/11/01,98,69,16.9,12.7
91107,2015/11/02,91,40,18.6,8.4
91107,2015/11/03,84,57,14.3,7.8
91107,2015/11/04,78,56,15,9.1
91107,2015/11/05,97,71,16.9,14.3
91107,2015/11/06,98,47,24.4,11.9
91107,2015/11/07,93,39,20.7,8.2
91107,2015/11/08,95,54,18.1,6.9
91107,2015/11/09,96,64,19.8,5.7
91107,2015/11/10,84,33,19.6,11.3
91107,2015/11/11,78,56,16.2,11.1
91107,2015/11/12,95,66,18.1,10.6
91107,2015/11/13,94,31,21.3,11
91107,2015/11/14,95,35,21,5.9
91107,2015/11/15,95,63,17.9,9.4
91107,2015/11/16,96,47,19.6,5.9
91107,2015/11/17,97,62,19.7,8.8
91107,2015/11/18,87,46,22.3,12.4
91107,2015/11/19,89,42,21,12.5
91107,2015/11/20,94,54,19.7,11
91107,2015/11/21,84,45,18.4,9.9
91107,2015/11/22,87,45,20.3,7.9
91107,2015/11/23,91,50,19.5,11.1
91107,2015/11/24,87,58,18.6,11.8
91107,2015/11/25,93,59,18,11.7
91107,2015/11/26,88,49,13.3,6.7
91107,2015/11/27,89,43,17,6.4
91107,2015/11/28,89,52,20.4,9.5
91107,2015/11/29,93,46,19.9,8.9
91107,2015/11/30,96,67,17.1,3.8
91107,2015/12/01,94,44,17.4,8
91107,2015/12/02,86,40,16.6,5.3
91107,2015/12/03,93,48,21,8.6
91107,2015/12/04,91,49,23.5,7.5
91107,2015/12/05,92,70,19.1,13.2
91107,2015/12/06,83,62,18.2,14
91107,2015/12/07,90,60,19.3,13.9
91107,2015/12/08,94,62,20.6,13.9
91107,2015/12/09,81,39,20.7,11.6
91107,2015/12/10,92,57,19,8.7
91107,2015/12/11,95,43,16.8,6.5
91107,2015/12/12,87,43,16.8,5.8
91107,2015/12/13,87,48,18.5,7.4
91107,2015/12/14,90,38,23.8,6.6
91107,2015/12/15,90,57,20.6,12.1
91107,2015/12/16,95,57,21.9,10.3
91107,2015/12/17,92,59,23.4,14.8
91107,2015/12/18,92,62,24,15.4
91107,2015/12/19,96,63,23.3,12.6
91107,2015/12/20,89,44,29.4,14.4
91107,2015/12/21,83,31,20.5,11.9
91107,2015/12/22,81,55,19.5,11.9
91107,2015/12/23,88,55,20,11.8
91107,2015/12/24,94,59,22.6,8.2
91107,2015/12/25,84,67,22.3,17.8
91107,2015/12/26,96,47,19.1,10.5
91107,2015/12/27,93,35,20.2,4.5
91107,2015/12/28,87,46,21.1,6.7
91107,2015/12/29,88,23,28.1,8.1
91107,2015/12/30,91,64,20.4,13
91107,2015/12/31,93,59,23.7,10.4
91107,2016/01/01,94,55,25.1,15.1
91107,2016/01/02,90,48,21.9,15.3
91107,2016/01/03,74,42,21.8,14
91107,2016/01/04,66,49,21,12.6
91107,2016/01/05,79,59,19.2,15
91107,2016/01/06,90,41,23.9,11.9
91107,2016/01/07,90,28,26.1,11.5
91107,2016/01/08,78,30,27.4,12.7
91107,2016/01/09,72,11,30.8,11.9
91107,2016/01/10,88,56,21.9,14.6
91107,2016/01/11,96,30,25.6,8.7
91107,2016/01/12,94,43,22.7,10.5
91107,2016/01/13,89,61,23.1,18.4
91107,2016/01/14,90,32,20.1,8.8
91107,2016/01/15,90,39,19.4,3.3
91107,2016/01/16,91,48,22,8.7
91107,2016/01/17,95,58,21.6,7.4
91107,2016/01/18,93,65,23.1,16.2
91107,2016/01/19,96,24,29.4,13
91107,2016/01/20,74,34,26.3,16
91107,2016/01/21,79,29,25,9.7
91107,2016/01/22,76,37,24.9,12.7
91107,2016/01/23,84,37,24.9,12.7
91107,2016/01/24,87,35,26.5,10.8
91107,2016/01/25,77,54,22.1,14.5
91107,2016/01/26,80,53,21.1,14.2
91107,2016/01/27,89,54,21.4,15.8
91107,2016/01/28,95,78,20.4,17.6
91107,2016/01/29,94,63,22.9,13.9
91107,2016/01/30,96,64,21.6,17.7
91107,2016/01/31,89,59,23.8,16.8
91107,2016/02/01,96,45,27.2,14.7
91107,2016/02/02,93,70,22.7,17.2
91107,2016/02/03,92,36,24,13.9
91107,2016/02/04,89,49,24,12.8
91107,2016/02/05,94,65,23,14
91107,2016/02/06,87,61,21.9,16.7
91107,2016/02/07,90,64,23.1,15.1
91107,2016/02/08,94,30,28.2,12.9
91107,2016/02/09,89,59,22.8,14.5
91107,2016/02/10,94,37,25.7,10.6
91107,2016/02/11,94,36,24,9.6
91107,2016/02/12,91,62,22.1,13.1
91107,2016/02/13,93,39,26.8,12.6
91107,2016/02/14,92,37,22,9.2
91107,2016/02/15,93,48,20.2,6.1
91107,2016/02/16,86,42,16.7,6.9
91107,2016/02/17,88,45,21.8,10.9
91107,2016/02/18,90,41,26.3,11.1
91107,2016/02/19,89,31,20.4,9.7
91107,2016/02/20,93,44,21.6,5.4
91107,2016/02/21,93,60,20.9,6.4
91107,2016/02/22,95,70,22.7,14.6
91107,2016/02/23,96,54,24.7,13.7
91107,2016/02/24,96,87,19,14.8
91107,2016/02/25,96,57,20.3,14.9
91107,2016/02/26,87,48,21,13.5
91107,2016/02/27,89,52,23.3,13.9
91107,2016/02/28,86,41,24,14.5
91107,2016/02/29,89,73,18.6,15.1
91107,2016/03/01,94,72,21.1,16.9
91107,2016/03/02,97,46,25.8,15
91107,2016/03/03,93,56,21.8,11.6
91107,2016/03/04,94,66,21.3,13.6
91107,2016/03/05,95,31,29.2,12.8
91107,2016/03/06,90,63,21.6,16.2
91107,2016/03/07,95,58,22.7,15.4
91107,2016/03/08,94,76,19.8,17.3
91107,2016/03/09,95,49,24.9,13.6
91107,2016/03/10,95,69,18.7,9.2
91107,2016/03/11,93,68,23.6,16.1
91107,2016/03/12,96,61,25.3,15
91107,2016/03/13,94,71,20.5,13.8
91107,2016/03/14,93,59,22.1,12.4
91107,2016/03/15,65,43,19.5,13.2
91107,2016/03/16,72,53,19.7,14
91107,2016/03/17,88,67,21.1,17
91107,2016/03/18,94,56,20,11.5
91107,2016/03/19,84,37,18.8,8.5
91107,2016/03/20,90,49,18.7,5.4
91107,2016/03/21,94,62,19,6.9
91107,2016/03/22,96,72,18.9,9.5
91107,2016/03/23,97,51,21.2,8.7
91107,2016/03/24,89,36,22.5,7.8
91107,2016/03/25,93,60,19.3,6.5
91107,2016/03/26,96,49,20.5,7.6
91107,2016/03/27,96,39,18.2,4.1
91107,2016/03/28,95,45,17.3,4.3
91107,2016/03/29,94,52,18.7,3.7
91107,2016/03/30,88,43,20.4,8.4
91107,2016/03/31,93,72,20.2,7
91107,2016/04/01,93,68,20.6,14.6
91107,2016/04/02,91,46,18.3,9.1
91107,2016/04/03,95,50,16.9,4.7
91107,2016/04/04,96,62,17.2,6.7
91107,2016/04/05,91,50,22.3,11.5
91107,2016/04/06,91,47,17.1,5.3
91107,2016/04/07,96,60,16.3,3.3
91107,2016/04/08,96,58,19.8,6.7
91107,2016/04/09,98,52,19.8,8.6
91107,2016/04/10,91,53,19.6,12.3
91107,2016/04/11,87,56,17.1,11.2
91107,2016/04/12,96,40,19.6,6.8
91107,2016/04/13,96,61,17.8,6.5
91107,2016/04/14,94,69,17.4,11.2
91107,2016/04/15,98,59,18.9,7.3
91107,2016/04/16,97,50,15.7,6.1
91107,2016/04/17,94,54,16.7,6
91107,2016/04/18,97,74,17.7,3.7
91107,2016/04/19,99,61,20.5,6.3
91107,2016/04/20,97,61,18.5,6.4
91107,2016/04/21,96,73,18.8,10.6
91107,2016/04/22,89,49,16.6,7.1
91107,2016/04/23,97,30,20.1,3.6
91107,2016/04/24,94,40,18.9,3.5
91107,2016/04/25,96,68,17.6,4.3
91107,2016/04/26,98,77,18.3,5.6
91107,2016/04/27,98,59,21,6
91107,2016/04/28,96,64,20.5,13
91107,2016/04/29,97,86,16.9,10
91107,2016/04/30,99,81,19.4,8.8
91107,2016/05/01,98,70,18.4,8.1
91107,2016/05/02,96,64,16.8,6.2
91107,2016/05/03,93,66,16.9,6.9
91107,2016/05/04,95,61,14.3,2.6
91107,2016/05/05,91,70,17.8,12.8
91107,2016/05/06,96,51,17.9,6.1
91107,2016/05/07,96,75,16.3,5.9
91107,2016/05/08,97,70,17.5,8.9
91107,2016/05/09,98,87,16.2,12.5
91107,2016/05/10,97,59,13.8,7.1
91107,2016/05/11,94,66,13.9,7.3
91107,2016/05/12,92,73,15.8,10.9
91107,2016/05/13,88,69,17,13
91107,2016/05/14,93,65,17.7,12.3
91107,2016/05/15,95,58,16.7,7.5
91107,2016/05/16,96,57,16.4,2.5
91107,2016/05/17,95,65,14.8,5.8
91107,2016/05/18,96,78,15.2,5.9
91107,2016/05/19,92,66,14.4,6.9
91107,2016/05/20,95,54,16.3,4.6
91107,2016/05/21,97,73,14.7,3.7
91107,2016/05/22,93,81,15.5,12.6
91107,2016/05/23,96,72,15.4,6.8
91107,2016/05/24,96,53,14.1,1.3
91107,2016/05/25,97,78,13.3,0.8
91107,2016/05/26,95,64,12.9,6.6
91107,2016/05/27,95,60,13.5,2.6
91107,2016/05/28,94,53,13.6,1.1
91107,2016/05/29,96,57,14.1,2.6
91107,2016/05/30,96,60,13.8,1.4
91107,2016/05/31,96,65,13.3,7.8
91107,2016/06/01,96,62,12.9,2.5
91107,2016/06/02,97,53,13.8,1.9
91107,2016/06/03,96,67,14.8,1.5
91107,2016/06/04,99,63,15.6,11.1
91107,2016/06/05,99,95,15.8,13.4
91107,2016/06/06,99,84,15,11.4
91107,2016/06/07,92,71,16.5,10.4
91107,2016/06/08,94,80,14.7,10.7
91107,2016/06/09,97,67,15.2,9.3
91107,2016/06/10,93,75,13.8,5.2
91107,2016/06/11,90,60,9.4,2.7
91107,2016/06/12,96,67,13.8,1.4
91107,2016/06/13,88,68,14.5,10
91107,2016/06/14,96,65,15.2,3.9
91107,2016/06/15,98,67,14,1.4
91107,2016/06/16,98,80,12.9,4.7
91107,2016/06/17,95,72,16.2,6.3
91107,2016/06/18,95,51,13.9,4.9
91107,2016/06/19,97,68,13.5,3.3
91107,2016/06/20,95,72,11.6,3.6
91107,2016/06/21,97,54,14.3,5.7
91107,2016/06/22,97,58,12.9,3.9
91107,2016/06/23,97,85,11.6,3.7
91107,2016/06/24,97,71,8.2,1.7
91107,2016/06/25,97,71,11.3,0.9
91107,2016/06/26,99,61,13,1.4
91107,2016/06/27,98,62,13.1,2.3
91107,2016/06/28,99,76,14.5,2.6
91107,2016/06/29,98,58,15.7,4
91107,2016/06/30,96,61,12.5,6.7
91107,2016/07/01,97,67,12.7,3.2
91107,2016/07/02,99,75,13,5
91107,2016/07/03,93,70,15.2,7.3
91107,2016/07/04,96,90,11.4,7.5
91107,2016/07/05,96,78,12.1,5.3
91107,2016/07/06,96,61,14.1,3.2
91107,2016/07/07,97,60,11,2.6
91107,2016/07/08,92,70,12.4,6.7
91107,2016/07/09,96,84,11.6,8.3
91107,2016/07/10,96,81,13,9.7
91107,2016/07/11,95,72,13.8,11.1
91107,2016/07/12,93,66,12.6,3.6
91107,2016/07/13,91,72,8.7,2.2
91107,2016/07/14,85,72,12.1,7.3
91107,2016/07/15,88,69,13.5,9.4
91107,2016/07/16,94,68,14.1,7.2
91107,2016/07/17,95,67,12.9,7.7
91107,2016/07/18,96,78,13,8.4
91107,2016/07/19,88,61,13.4,8.2
91107,2016/07/20,96,62,15,5.1
91107,2016/07/21,98,83,12,2.1
91107,2016/07/22,97,67,15.1,4.5
91107,2016/07/23,95,68,7.1,-0.5
91107,2016/07/24,96,75,8.9,-1.3
91107,2016/07/25,97,69,12.5,5.4
91107,2016/07/26,94,66,9.7,3.1
91107,2016/07/27,95,67,10.3,4.4
91107,2016/07/28,90,74,13,8.8
91107,2016/07/29,92,67,13.8,5.6
91107,2016/07/30,96,65,12.4,-0.2
91107,2016/07/31,95,56,13.7,4.5
91107,2016/08/01,96,73,11.8,2.3
91107,2016/08/02,88,64,13.5,3.6
91107,2016/08/03,96,50,14.3,2.4
91107,2016/08/04,96,55,11,-0.6
91107,2016/08/05,95,76,10.1,2.2
91107,2016/08/06,94,58,10.6,1.3
91107,2016/08/07,95,65,11.1,0.7
91107,2016/08/08,97,75,11.2,1.4
91107,2016/08/09,95,69,14,7.2
91107,2016/08/10,93,67,11.5,5.6
91107,2016/08/11,97,62,11.8,2.1
91107,2016/08/12,97,81,12.8,3.6
91107,2016/08/13,97,63,14.2,3.4
91107,2016/08/14,95,63,14.1,1.5
91107,2016/08/15,96,71,14.4,6.5
91107,2016/08/16,98,73,14.4,3.2
91107,2016/08/17,94,53,15,4.7
91107,2016/08/18,94,80,12.8,4.4
91107,2016/08/19,96,65,15.3,3.7
91107,2016/08/20,98,69,11.5,3.2
91107,2016/08/21,96,61,12.4,0.6
91107,2016/08/22,96,54,12.5,1
91107,2016/08/23,97,47,12.8,-1.8
91107,2016/08/24,97,56,13.9,-1.2
91107,2016/08/25,95,50,13.6,-0.8
91107,2016/08/26,96,59,13.7,0.6
91107,2016/08/27,98,65,13.5,2.2
91107,2016/08/28,95,46,13.2,2.2
91107,2016/08/29,95,62,11.1,0.4
91107,2016/08/30,98,73,12.6,2.1
91107,2016/08/31,99,83,15.8,8.9
91107,2016/09/01,96,58,14.5,5.7
91107,2016/09/02,96,70,12.5,0.9
91107,2016/09/03,97,55,15.1,4.5
91107,2016/09/04,92,66,14.3,7.7
91107,2016/09/05,92,65,16.6,10
91107,2016/09/06,94,58,16.9,6.3
91107,2016/09/07,97,80,13.8,2.8
91107,2016/09/08,96,60,16.9,12.1
91107,2016/09/09,97,92,13.3,12.4
91107,2016/09/10,98,56,15.1,6.4
91107,2016/09/11,97,68,15.2,4.9
91107,2016/09/12,96,49,13.1,1.7
91107,2016/09/13,95,67,11.7,0.7
91107,2016/09/14,95,56,13.5,8.8
91107,2016/09/15,97,68,15.5,5.7
91107,2016/09/16,95,56,14.2,7.2
91107,2016/09/17,98,72,15.2,5.1
91107,2016/09/18,95,70,13.7,5.6
91107,2016/09/19,97,53,15.7,4.1
91107,2016/09/20,96,66,15.4,3.6
91107,2016/09/21,94,51,16.4,9.9
91107,2016/09/22,94,50,17.9,9.2
91107,2016/09/23,96,70,14.3,6.3
91107,2016/09/24,95,79,15,10.4
91107,2016/09/25,94,45,14.4,4.7
91107,2016/09/26,94,54,14.1,3.7
91107,2016/09/27,96,62,14.9,4
91107,2016/09/28,96,64,14.1,7.6
91107,2016/09/29,96,80,13.3,6.3
91107,2016/09/30,98,76,12.5,4.2
91107,2016/10/01,94,71,14.6,9.6
91107,2016/10/02,96,77,14.4,7
91107,2016/10/03,96,69,13.8,9.4
91107,2016/10/04,92,71,12.2,6.1
91107,2016/10/05,94,72,13.4,4.5
91107,2016/10/06,95,59,18,9.9
91107,2016/10/07,96,41,17.1,8
91107,2016/10/08,94,43,17.6,3.2
91107,2016/10/09,95,75,14.9,4.2
91107,2016/10/10,87,59,12.7,5.9
91107,2016/10/11,94,59,13.6,2.1
91107,2016/10/12,95,43,12.9,2.7
91107,2016/10/13,94,44,15.9,0.2
91107,2016/10/14,93,53,14.2,3.1
91107,2016/10/15,95,59,17.5,5.5
91107,2016/10/16,94,62,17.1,9.3
91107,2016/10/17,94,49,14.9,5.7
91107,2016/10/18,95,59,12.9,4.4
91107,2016/10/19,95,47,13.8,2.4
91107,2016/10/20,96,60,15.3,3.3
91107,2016/10/21,94,67,15.2,5.1
91107,2016/10/22,96,45,16.9,1.9
91107,2016/10/23,77,41,14.3,6.6
91107,2016/10/24,84,39,20,5
91107,2016/10/25,92,77,14.2,3.9
91107,2016/10/26,91,40,17.5,9.4
91107,2016/10/27,82,33,17.5,7.3
91107,2016/10/28,92,43,15.7,3.1
91107,2016/10/29,94,55,14.7,2.6
91107,2016/10/30,99,52,20.5,6.3
91107,2016/10/31,91,43,14.7,4.8
91107,2016/11/01,92,46,15.7,7.8
91107,2016/11/02,92,60,15.7,8.6
91107,2016/11/03,93,65,15.9,9
91107,2016/11/04,88,59,17.2,8.3
91107,2016/11/05,92,57,13.1,7.5
91107,2016/11/06,94,47,17.2,8.3
91107,2016/11/07,95,61,14.8,6.6
91107,2016/11/08,94,45,17.6,3.3
91107,2016/11/09,95,44,18.8,4.2
91107,2016/11/10,83,55,18.3,7.4
91107,2016/11/11,89,69,15.7,9.9
91107,2016/11/12,99,69,15.4,12.7
91107,2016/11/13,97,66,15.8,11.9
91107,2016/11/14,94,45,18.3,10.1
91107,2016/11/15,86,69,16.4,10.4
91107,2016/11/16,91,49,22.2,9.8
91107,2016/11/17,94,79,16.3,12.1
91107,2016/11/18,89,37,19.3,10.5
91107,2016/11/19,85,47,20.5,10.3
91107,2016/11/20,93,60,20.3,8.9
91107,2016/11/21,94,71,20.8,12.9
91107,2016/11/22,92,37,19.3,10.8
91107,2016/11/23,94,51,16.7,8.5
91107,2016/11/24,97,44,17.8,6.7
91107,2016/11/25,85,47,15.9,8.1
91107,2016/11/26,86,59,17.1,10.1
91107,2016/11/27,84,50,23,11.4
91107,2016/11/28,86,49,20.1,9.1
91107,2016/11/29,89,57,18,9.3
91107,2016/11/30,89,62,17.6,13.3
91107,2016/12/01,91,65,19.6,12.3
91107,2016/12/02,91,36,18.8,8.6
91107,2016/12/03,93,50,17.3,5.3
91107,2016/12/04,94,58,17.2,3.6
91107,2016/12/05,95,46,20,9.4
91107,2016/12/06,82,43,18.4,7.7
91107,2016/12/07,94,70,17.1,7.8
91107,2016/12/08,98,63,17.1,10.3
91107,2016/12/09,77,45,16.2,7.6
91107,2016/12/10,86,57,17.7,8.2
91107,2016/12/11,93,53,19.1,7.9
91107,2016/12/12,95,65,18.4,10.8
91107,2016/12/13,95,63,19.2,10.6
91107,2016/12/14,75,34,17.2,8
91107,2016/12/15,91,43,19.9,3.9
91107,2016/12/16,92,64,16.8,10
91107,2016/12/17,95,53,15.6,5.2
91107,2016/12/18,93,36,18.1,3
91107,2016/12/19,94,64,16.3,4
91107,2016/12/20,95,49,18,10.8
91107,2016/12/21,84,41,18.7,10.7
91107,2016/12/22,93,36,25.6,9.1
91107,2016/12/23,93,60,19.5,14.2
91107,2016/12/24,93,60,23.5,13.8
91107,2016/12/25,93,70,23.2,16.6
91107,2016/12/26,93,39,26.9,14.6
91107,2016/12/27,94,75,17.6,15.4
91107,2016/12/28,99,93,20.6,15.8
91107,2016/12/29,99,81,22,17.7
91107,2016/12/30,99,62,21.7,15.4
91107,2016/12/31,83,54,22.8,14.6
91107,2017/01/01,91,70,18.6,12.2
91107,2017/01/02,86,45,24.1,11.4
91107,2017/01/03,86,67,19.6,13.8
91107,2017/01/04,96,72,20.4,15
91107,2017/01/05,91,61,22.4,14.2
91107,2017/01/06,88,61,22.8,17.7
91107,2017/01/07,90,66,23.9,17.4
91107,2017/01/08,91,40,26.4,14.5
91107,2017/01/09,88,39,25.8,12
91107,2017/01/10,83,43,23.5,11.5
91107,2017/01/11,88,36,20.9,12.5
91107,2017/01/12,87,50,22.2,10.8
91107,2017/01/13,95,52,21.2,13.4
91107,2017/01/14,88,49,18.4,11.1
91107,2017/01/15,72,49,19.2,11.5
91107,2017/01/16,92,55,21,10.6
91107,2017/01/17,95,63,21.5,10
91107,2017/01/18,86,32,20.5,11.5
91107,2017/01/19,89,54,18.4,6.2
91107,2017/01/20,95,53,21.6,11.9
91107,2017/01/21,92,53,20.3,7.4
91107,2017/01/22,96,57,20.5,7.2
91107,2017/01/23,97,64,21.9,11.9
91107,2017/01/24,95,35,19.9,11.4
91107,2017/01/25,96,40,23.2,6.1
91107,2017/01/26,83,50,21.7,13.1
91107,2017/01/27,90,48,24.5,12.4
91107,2017/01/28,87,50,22.5,11.5
91107,2017/01/29,93,65,19.3,6.6
91107,2017/01/30,95,71,20.2,8.9
91107,2017/01/31,87,32,20.3,9.3
91107,2017/02/01,96,55,18.2,4.7
91107,2017/02/02,89,41,20.2,12.4
91107,2017/02/03,84,59,20.2,12
91107,2017/02/04,94,55,22.1,12.4
91107,2017/02/05,91,72,19.5,11.9
91107,2017/02/06,93,31,21.8,6.6
91107,2017/02/07,83,0,19.4,0
91107,2017/02/08,81,66,19.1,15.3
91107,2017/02/09,96,67,20.9,15.6
91107,2017/02/10,94,74,18.9,14.5
91107,2017/02/11,93,52,21,10.7
91107,2017/02/12,81,47,16.5,10.5
91107,2017/02/13,79,49,16.4,10.1
91107,2017/02/14,94,46,18.3,6
91107,2017/02/15,97,64,19.2,6.3
91107,2017/02/16,95,41,21.5,4.8
91107,2017/02/17,93,61,19.5,6.4
91107,2017/02/18,97,41,18,3.5
91107,2017/02/19,97,60,14.5,6.3
91107,2017/02/20,93,36,21.6,6
91107,2017/02/21,93,34,22.9,5.8
91107,2017/02/22,95,68,19,6.1
91107,2017/02/23,91,55,22.4,13.4
91107,2017/02/24,93,39,21.4,6.3
91107,2017/02/25,86,48,18.2,11.9
91107,2017/02/26,92,59,19.7,12.9
91107,2017/02/27,91,58,21.9,13.6
91107,2017/02/28,95,64,24,14.8
91107,2017/03/01,96,67,24.2,13.7
91107,2017/03/02,95,53,25.9,16.9
91107,2017/03/03,94,75,20.2,15.6
91107,2017/03/04,96,57,20.5,11.5
91107,2017/03/05,97,60,22.5,7.3
91107,2017/03/06,97,58,22.8,11.6
91107,2017/03/07,91,55,19.4,14.4
91107,2017/03/08,79,53,20,13.1
91107,2017/03/09,92,55,21.3,11.1
91107,2017/03/10,96,65,21.2,9.1
91107,2017/03/11,97,72,21.5,12.8
91107,2017/03/12,95,72,20.8,14.7
91107,2017/03/13,96,61,23.3,12
91107,2017/03/14,92,71,23.3,17.8
91107,2017/03/15,92,79,22.3,19.7
91107,2017/03/16,92,45,22.3,13.1
91107,2017/03/17,95,41,19.5,5.1
91107,2017/03/18,80,61,20.7,14.1
91107,2017/03/19,97,75,22.6,14.3
91107,2017/03/20,99,76,19.2,11.7
91107,2017/03/21,96,63,21.2,16.8
91107,2017/03/22,96,62,20.9,15.7
91107,2017/03/23,89,55,19.5,13.5
91107,2017/03/24,96,63,18.6,13.6
91107,2017/03/25,96,71,18.4,13.3
91107,2017/03/26,98,63,21.6,11.2
91107,2017/03/27,94,78,19.8,12.7
91107,2017/03/28,96,57,19,9.6
91107,2017/03/29,90,68,19.1,9.9
91107,2017/03/30,97,51,16.3,4.9
91107,2017/03/31,91,48,16.3,3.6
91107,2017/04/01,94,46,15.5,4.9
91107,2017/04/02,96,46,16.7,2.2
91107,2017/04/03,94,46,17.6,4
91107,2017/04/04,97,63,18.3,5.1
91107,2017/04/05,95,68,19.5,9.8
91107,2017/04/06,97,62,21.3,8.2
91107,2017/04/07,97,62,20.7,7.5
91107,2017/04/08,95,67,19.5,11.9
91107,2017/04/09,91,70,18,13.8
91107,2017/04/10,78,47,18,12.1
91107,2017/04/11,96,57,17.8,5.8
91107,2017/04/12,97,68,16.3,5.7
91107,2017/04/13,96,56,18.5,8
91107,2017/04/14,96,40,17.3,3.9
91107,2017/04/15,96,45,15.9,1.7
91107,2017/04/16,96,54,19.6,7
91107,2017/04/17,98,47,18,3
91107,2017/04/18,97,63,18.9,3.5
91107,2017/04/19,97,58,19,5
91107,2017/04/20,97,71,19.7,10.2
91107,2017/04/21,98,70,21.8,7.5
91107,2017/04/22,97,77,19.1,14.2
91107,2017/04/23,97,88,17,14.4
91107,2017/04/24,97,66,18.5,13.4
91107,2017/04/25,98,54,17.4,9.1
91107,2017/04/26,97,40,13.1,3
91107,2017/04/27,96,55,13.8,0.2
91107,2017/04/28,90,59,17.3,12.2
91107,2017/04/29,95,55,18.3,6.8
91107,2017/04/30,97,70,16,4.9
91107,2017/05/01,89,67,16.7,8.1
91107,2017/05/02,94,50,13.2,2.5
91107,2017/05/03,97,58,14.4,0.8
91107,2017/05/04,97,62,15.3,6.4
91107,2017/05/05,98,64,16.2,5.9
91107,2017/05/06,98,56,16.5,6.7
91107,2017/05/07,86,61,12.9,6.1
91107,2017/05/08,94,56,16.6,5.3
91107,2017/05/09,97,55,15.6,2.6
91107,2017/05/10,97,63,15.7,3.5
91107,2017/05/11,97,62,18.1,4.3
91107,2017/05/12,94,73,15.3,8.4
91107,2017/05/13,98,56,16.1,5.3
91107,2017/05/14,96,58,15.2,3.5
91107,2017/05/15,97,56,15.4,3.1
91107,2017/05/16,97,53,14.4,3.9
91107,2017/05/17,95,70,13.9,4.9
91107,2017/05/18,98,66,16.8,8.2
91107,2017/05/19,94,65,15.9,12.9
91107,2017/05/20,99,89,14.4,8.2
91107,2017/05/21,99,87,15.8,6.3
91107,2017/05/22,99,81,15.7,6.5
91107,2017/05/23,98,79,16.3,8.7
91107,2017/05/24,98,63,14.7,5.4
91107,2017/05/25,99,77,15.1,4.5
91107,2017/05/26,99,62,14.4,2.2
91107,2017/05/27,92,64,16,10.7
91107,2017/05/28,98,70,12.6,3.5
91107,2017/05/29,97,60,12.9,1.6
91107,2017/05/30,98,61,12.9,2.8
91107,2017/05/31,97,60,12.4,-0.5
91107,2017/06/01,97,71,12.9,2.2
91107,2017/06/02,98,58,15.7,3.6
91107,2017/06/03,98,62,16.5,2.9
91107,2017/06/04,98,83,12.3,3
91107,2017/06/05,99,69,14.2,4.1
91107,2017/06/06,96,52,11.8,2.3
91107,2017/06/07,97,62,12.2,-0.3
91107,2017/06/08,97,68,13.8,6.4
91107,2017/06/09,98,66,14.5,1.7
91107,2017/06/10,98,66,15.3,3.1
91107,2017/06/11,99,80,13.8,5.5
91107,2017/06/12,93,70,14,8.8
91107,2017/06/13,99,68,15.1,2.4
91107,2017/06/14,99,76,13.7,4.5
91107,2017/06/15,99,77,15.5,6.2
91107,2017/06/16,99,64,16.1,5.6
91107,2017/06/17,99,77,15,5.5
91107,2017/06/18,97,54,13.9,3
91107,2017/06/19,99,65,15.5,5.1
91107,2017/06/20,99,75,14.4,5.5
91107,2017/06/21,96,60,10.7,0
91107,2017/06/22,98,61,10.7,0.1
91107,2017/06/23,99,72,14.1,4.5
91107,2017/06/24,98,68,10.4,-0.3
91107,2017/06/25,99,73,12,2.7
91107,2017/06/26,97,62,12.4,1.8
91107,2017/06/27,98,74,9.7,-0.2
91107,2017/06/28,99,80,11.5,0.6
91107,2017/06/29,99,62,10.6,2.3
91107,2017/06/30,97,61,10.2,-1
91107,2017/07/01,97,62,9.8,-1.4
91107,2017/07/02,98,66,12.3,0.9
91107,2017/07/03,98,54,12.2,-0.9
91107,2017/07/04,98,81,13.4,4
91107,2017/07/05,99,70,12.6,2.1
91107,2017/07/06,98,74,12,3.1
91107,2017/07/07,99,78,10.9,1.2
91107,2017/07/08,99,80,11.9,1.2
91107,2017/07/09,99,58,12.6,1.5
91107,2017/07/10,99,63,13.1,1.3
91107,2017/07/11,99,54,12.2,-1
91107,2017/07/12,98,66,10.7,-1.8
91107,2017/07/13,90,63,13,10.5
91107,2017/07/14,97,81,11.5,2.5
91107,2017/07/15,98,64,10.5,1.1
91107,2017/07/16,99,66,11.7,1.7
91107,2017/07/17,92,65,12.4,9.8
91107,2017/07/18,99,76,13.3,5.2
91107,2017/07/19,99,57,12.5,4.3
91107,2017/07/20,91,59,10.9,3.7
91107,2017/07/21,97,66,11.2,-1.6
91107,2017/07/22,98,72,13,2.2
91107,2017/07/23,90,71,13.1,4.2
91107,2017/07/24,96,63,11.5,-1.1
91107,2017/07/25,98,70,15.2,3.3
91107,2017/07/26,96,54,11.6,0.3
91107,2017/07/27,96,73,12.3,-0.2
91107,2017/07/28,98,57,13.5,3.5
91107,2017/07/29,95,71,13.1,4.3
91107,2017/07/30,98,63,12.8,1.7
91107,2017/07/31,98,61,11.5,-0.8
91107,2017/08/01,97,56,12.4,0.8
91107,2017/08/02,97,64,10.9,-0.9
91107,2017/08/03,97,62,11.2,-0.1
91107,2017/08/04,96,66,11.5,7.7
91107,2017/08/05,93,57,13,8.4
91107,2017/08/06,97,67,11.6,1.3
91107,2017/08/07,97,54,12.2,1
91107,2017/08/08,98,60,14.4,0.9
91107,2017/08/09,99,69,15.4,2
91107,2017/08/10,98,63,15.4,8.7
91107,2017/08/11,98,64,12.8,3.9
91107,2017/08/12,94,54,11.9,3.2
91107,2017/08/13,97,79,9.8,0.6
91107,2017/08/14,98,49,16.6,3
91107,2017/08/15,98,81,14.5,1
91107,2017/08/16,99,64,12.8,6.8
91107,2017/08/17,97,72,11.2,2.9
91107,2017/08/18,96,59,10.8,1.4
91107,2017/08/19,95,49,11.7,-2.3
91107,2017/08/20,96,53,12.4,-1.5
91107,2017/08/21,97,70,10.8,0.2
91107,2017/08/22,98,72,13.5,3.8
91107,2017/08/23,98,62,13.7,2
91107,2017/08/24,97,46,14.1,-0.1
91107,2017/08/25,96,64,14.8,3.8
91107,2017/08/26,95,70,13.8,6.6
91107,2017/08/27,81,44,11.1,2.1
91107,2017/08/28,95,53,12.5,-1.4
91107,2017/08/29,97,65,12.7,-0.8
91107,2017/08/30,93,40,13.7,1.6
91107,2017/08/31,95,52,11.5,-1.9
91107,2017/09/01,95,61,11.5,1.6
91107,2017/09/02,98,83,12.3,6.2
91107,2017/09/03,96,68,14.2,7.4
91107,2017/09/04,95,62,9.1,2.6
91107,2017/09/05,94,61,9.8,1
91107,2017/09/06,91,57,11.6,3.1
91107,2017/09/07,98,65,13.5,2
91107,2017/09/08,92,66,10,1
91107,2017/09/09,97,53,14.5,-0.4
91107,2017/09/10,97,54,14.9,4.5
91107,2017/09/11,98,79,14.5,4.4
91107,2017/09/12,99,71,12.1,4.9
91107,2017/09/13,97,60,13,4.6
91107,2017/09/14,92,65,12.8,2.3
91107,2017/09/15,97,44,14.3,3.8
91107,2017/09/16,91,56,11,2.8
91107,2017/09/17,97,60,13.4,0.1
91107,2017/09/18,94,63,13.1,9.4
91107,2017/09/19,91,46,12.4,3.6
91107,2017/09/20,98,79,11.9,1.4
91107,2017/09/21,97,65,15.3,6.8
91107,2017/09/22,99,67,14.9,2.8
91107,2017/09/23,94,79,15.5,10.5
91107,2017/09/24,93,77,13.2,9.7
91107,2017/09/25,94,55,12.4,2.2
91107,2017/09/26,96,52,13.4,0.5
91107,2017/09/27,98,77,10.1,2.2
91107,2017/09/28,93,60,12.9,7.6
91107,2017/09/29,98,58,14.2,3.1
91107,2017/09/30,89,51,12.7,5.2
91107,2017/10/01,93,66,15.6,8.9
91107,2017/10/02,91,48,18.7,7
91107,2017/10/03,97,59,15.2,6.6
91107,2017/10/04,98,55,17.3,3.8
91107,2017/10/05,96,76,17.1,11.5
91107,2017/10/06,79,46,19.1,7.5
91107,2017/10/07,93,70,13.8,6.2
91107,2017/10/08,96,79,14.2,11.6
91107,2017/10/09,99,46,15.8,6.6
91107,2017/10/10,97,53,16.1,5
91107,2017/10/11,98,82,14.3,3
91107,2017/10/12,94,63,14.2,8.7
91107,2017/10/13,91,42,15.9,4.7
91107,2017/10/14,97,45,18.5,3
91107,2017/10/15,92,30,25.1,9.1
91107,2017/10/16,97,81,13.7,9.3
91107,2017/10/17,98,69,19.2,9.8
91107,2017/10/18,96,49,19.3,7.2
91107,2017/10/19,97,64,17.3,10.2
91107,2017/10/20,86,47,15.5,8.3
91107,2017/10/21,93,52,17.4,5.1
91107,2017/10/22,88,48,19.4,10
91107,2017/10/23,91,51,22,7.6
91107,2017/10/24,89,39,20.2,9.7
91107,2017/10/25,91,51,15.5,6.3
91107,2017/10/26,94,68,16,8.2
91107,2017/10/27,97,76,16,6.7
91107,2017/10/28,97,46,19.7,8.9
91107,2017/10/29,96,74,16.8,8.1
91107,2017/10/30,94,51,16.1,5.5
91107,2017/10/31,97,47,16,1.9
91107,2017/11/01,95,53,19.9,8.1
91107,2017/11/02,90,39,15.8,4.5
91107,2017/11/03,94,35,13,0.3
91107,2017/11/04,95,48,16.3,-0.1
91107,2017/11/05,93,37,13.3,1.1
91107,2017/11/06,92,32,19.2,3.9
91107,2017/11/07,84,36,16.9,3.9
91107,2017/11/08,82,34,22.7,6.4
91107,2017/11/09,90,51,17.5,9.3
91107,2017/11/10,94,71,16.8,12
91107,2017/11/11,93,63,17,10.3
91107,2017/11/12,95,64,17.7,8.7
91107,2017/11/13,92,64,18.4,11.1
91107,2017/11/14,90,66,19.1,13.7
91107,2017/11/15,92,67,20.4,15.1
91107,2017/11/16,97,63,21.3,15.6
91107,2017/11/17,88,63,20.3,16.5
91107,2017/11/18,89,80,18.7,16.1
91107,2017/11/19,88,68,21.7,16.2
91107,2017/11/20,92,66,21,13.6
91107,2017/11/21,92,64,20.9,15.3
91107,2017/11/22,93,61,20.7,15.4
91107,2017/11/23,90,62,21.5,15.3
91107,2017/11/24,97,66,22.4,13.1
91107,2017/11/25,98,69,20.8,16.3
91107,2017/11/26,97,88,19.1,17.7
91107,2017/11/27,94,39,25.3,13.4
91107,2017/11/28,93,60,20.8,13.6
91107,2017/11/29,85,66,20.6,16.4
91107,2017/11/30,94,66,23.3,17.8
91107,2017/12/01,98,71,20.5,16
91107,2017/12/02,94,66,19.5,12.7
91107,2017/12/03,93,65,13.3,9.6
91107,2017/12/04,96,48,18.1,5.7
91107,2017/12/05,91,59,17.4,11.5
91107,2017/12/06,96,58,19.5,9.9
91107,2017/12/07,89,55,20.4,9.7
91107,2017/12/08,93,34,18.8,5.1
91107,2017/12/09,93,50,21.1,12.6
91107,2017/12/10,86,52,22.7,13.6
91107,2017/12/11,85,43,23.4,11.8
91107,2017/12/12,90,41,27.4,11.6
91107,2017/12/13,92,70,19.5,14.4
91107,2017/12/14,87,36,21.9,12.6
91107,2017/12/15,96,44,19.6,6.3
91107,2017/12/16,96,53,23.3,8.9
91107,2017/12/17,90,58,20.4,7.3
91107,2017/12/18,92,69,21.7,15.6
91107,2017/12/19,96,47,21.5,15.8
91107,2017/12/20,86,41,20.3,8.1
91107,2017/12/21,94,56,20.3,4.7
91107,2017/12/22,95,55,20.6,11.5
91107,2017/12/23,96,50,21.6,8.4
91107,2017/12/24,81,34,19.5,10
91107,2017/12/25,94,39,22.3,6
91107,2017/12/26,93,63,19.8,8.8
91107,2017/12/27,88,68,21.9,15.1
91107,2017/12/28,88,29,26.6,15.1
91107,2017/12/29,77,41,20.7,13.5
91107,2017/12/30,90,34,18.8,12.6
91107,2017/12/31,87,61,20.1,12
91107,2018/01/01,85,43,20.9,13
91107,2018/01/02,85,46,20.7,11.5
91107,2018/01/03,95,36,22,5.8
91107,2018/01/04,82,46,22.1,13.9
91107,2018/01/05,95,43,23.7,8.7
91107,2018/01/06,95,67,20.7,15
91107,2018/01/07,82,29,26.2,12.5
91107,2018/01/08,91,32,25,9.5
91107,2018/01/09,91,47,20.8,9.8
91107,2018/01/10,90,53,21.7,9.5
91107,2018/01/11,92,63,21.7,16.6
91107,2018/01/12,94,81,19.8,12.1
91107,2018/01/13,94,40,19.5,10.3
91107,2018/01/14,88,31,21.5,5.7
91107,2018/01/15,94,26,27.5,12.1
91107,2018/01/16,78,57,19.9,14.5
91107,2018/01/17,94,53,22.1,12
91107,2018/01/18,96,64,21.7,9.9
91107,2018/01/19,96,29,33.4,11.2
91107,2018/01/20,88,59,23.6,18
91107,2018/01/21,95,62,23.1,16.3
91107,2018/01/22,97,32,27,14.8
91107,2018/01/23,87,31,25.2,10.8
91107,2018/01/24,86,29,27.7,11
91107,2018/01/25,94,62,22.2,11.3
91107,2018/01/26,97,53,24.7,9.9
91107,2018/01/27,94,68,25.8,17.3
91107,2018/01/28,93,73,26.1,21.4
91107,2018/01/29,92,57,27.6,18
91107,2018/01/30,76,29,23,9.8
91107,2018/01/31,82,30,19.4,8.4
91107,2018/02/01,72,36,21.7,7.8
91107,2018/02/02,90,53,21.7,12
91107,2018/02/03,95,54,23,11.2
91107,2018/02/04,94,15,29.9,9.1
91107,2018/02/05,85,59,22.2,13.1
91107,2018/02/06,84,64,22,17.8
91107,2018/02/07,88,62,24,17.5
91107,2018/02/08,87,39,28.4,19.4
91107,2018/02/09,92,59,23.6,15.3
91107,2018/02/10,92,74,23.8,15.5
91107,2018/02/11,91,36,21,11.5
91107,2018/02/12,88,42,21.4,10.2
91107,2018/02/13,88,41,20.8,8.3
91107,2018/02/14,89,47,20.3,9.1
91107,2018/02/15,90,67,17.7,9.1
91107,2018/02/16,87,36,20.3,9.3
91107,2018/02/17,92,57,20.7,8.8
91107,2018/02/18,92,56,21.5,14.1
91107,2018/02/19,79,48,20.1,11.1
91107,2018/02/20,71,48,19.6,9
91107,2018/02/21,84,54,19.3,12.9
91107,2018/02/22,92,56,21.9,10.4
91107,2018/02/23,98,81,18.9,18
91107,2018/02/24,98,52,23.1,13.2
91107,2018/02/25,93,41,19.1,5.7
91107,2018/02/26,82,50,19.2,12.9
91107,2018/02/27,86,63,20.1,12.2
91107,2018/02/28,92,56,20.4,15.7
91107,2018/03/01,82,45,23.8,14.6
91107,2018/03/02,93,68,20.6,14.3
91107,2018/03/03,96,73,20.8,12.8
91107,2018/03/04,89,37,20.3,8
91107,2018/03/05,95,37,21.2,5.7
91107,2018/03/06,92,53,20.9,9.1
91107,2018/03/07,95,64,20.5,7.6
91107,2018/03/08,95,57,21,9.8
91107,2018/03/09,96,63,21.8,9.3
91107,2018/03/10,96,69,21.2,8.5
91107,2018/03/11,97,30,24.5,11.7
91107,2018/03/12,83,53,19.7,11.8
91107,2018/03/13,87,47,21.7,10.6
91107,2018/03/14,79,43,22.2,13
91107,2018/03/15,81,43,20.8,11.8
91107,2018/03/16,94,74,18.3,6.1
91107,2018/03/17,95,51,22.8,16.4
91107,2018/03/18,89,56,21.3,13.1
91107,2018/03/19,86,59,19,10.8
91107,2018/03/20,93,37,16.5,5.3
91107,2018/03/21,68,44,17.7,6.8
91107,2018/03/22,82,56,17.9,12.7
91107,2018/03/23,87,69,19.3,15.9
91107,2018/03/24,98,83,19.2,13
91107,2018/03/25,98,58,17.5,8.5
91107,2018/03/26,92,49,18,8.5
91107,2018/03/27,95,59,15.9,5.7
91107,2018/03/28,89,67,21,13.1
91107,2018/03/29,97,57,19.2,8.3
91107,2018/03/30,92,43,18.2,10.3
91107,2018/03/31,95,57,16,6.8
91107,2018/04/01,95,66,17.9,8.8
91107,2018/04/02,90,52,18.8,10.6
91107,2018/04/03,95,61,19.7,10.1
91107,2018/04/04,93,54,22.9,8.4
91107,2018/04/05,96,58,19.4,7.8
91107,2018/04/06,97,43,18.2,7.3
91107,2018/04/07,90,52,17.7,7.1
91107,2018/04/08,94,76,18.9,10.5
91107,2018/04/09,87,53,20.7,14.1
91107,2018/04/10,83,67,17.9,15.5
91107,2018/04/11,92,37,23.1,13.4
91107,2018/04/12,95,63,19,11.9
91107,2018/04/13,93,64,17.2,9.5
91107,2018/04/14,93,56,15.8,7.5
91107,2018/04/15,93,57,13.1,5.6
91107,2018/04/16,93,43,15.4,8.3
91107,2018/04/17,93,46,15.6,4.7
91107,2018/04/18,97,56,14.3,1.9
91107,2018/04/19,96,54,17.7,5.3
91107,2018/04/20,96,62,16.7,4.8
91107,2018/04/21,97,74,16.4,4.9
91107,2018/04/22,98,71,18.3,7.7
91107,2018/04/23,99,64,17.5,4.6
91107,2018/04/24,97,76,17.3,10.5
91107,2018/04/25,98,62,18.2,10
91107,2018/04/26,95,45,16.2,6.1
91107,2018/04/27,96,57,17.6,4.9
91107,2018/04/28,96,64,16.6,5.2
91107,2018/04/29,98,41,19.1,4.1
91107,2018/04/30,90,48,17.9,9.4
91107,2018/05/01,98,60,17.7,3.1
91107,2018/05/02,98,77,16.7,7.6
91107,2018/05/03,98,59,18.5,6
91107,2018/05/04,96,59,14.5,9.7
91107,2018/05/05,88,64,17.7,9.9
91107,2018/05/06,98,62,16.6,7.9
91107,2018/05/07,99,65,17.1,7.2
91107,2018/05/08,96,52,15,2.2
91107,2018/05/09,97,66,15,8
91107,2018/05/10,97,56,14.3,4.6
91107,2018/05/11,75,56,17.3,9.4
91107,2018/05/12,76,56,17.2,7.7
91107,2018/05/13,96,50,16.2,2
91107,2018/05/14,97,64,15.1,2.6
91107,2018/05/15,92,44,14,2.4
91107,2018/05/16,94,65,12.5,0.8
91107,2018/05/17,91,73,15.8,10.3
91107,2018/05/18,97,63,17,4.4
91107,2018/05/19,96,68,15.1,3.3
91107,2018/05/20,90,73,14.5,9.9
91107,2018/05/21,89,72,13.6,6.9
91107,2018/05/22,91,47,15.6,5.6
91107,2018/05/23,97,63,15.3,4.8
91107,2018/05/24,90,52,14.4,3.9
91107,2018/05/25,97,68,13.8,1.5
91107,2018/05/26,96,64,13.4,3.6
91107,2018/05/27,97,76,13.5,3.6
91107,2018/05/28,98,83,15.1,7.9
91107,2018/05/29,91,63,15.9,7.2
91107,2018/05/30,97,68,11.6,0.2
91107,2018/05/31,97,46,12.7,0.9
91107,2018/06/01,97,62,13.9,0.6
91107,2018/06/02,98,57,14.8,2
91107,2018/06/03,98,69,13.4,1.2
91107,2018/06/04,99,60,15.3,1
91107,2018/06/05,96,62,12.5,1
91107,2018/06/06,92,68,14.3,7.3
91107,2018/06/07,95,66,16.7,10.9
91107,2018/06/08,95,70,14.7,7.8
91107,2018/06/09,99,60,14.6,2.4
91107,2018/06/10,98,61,12.8,0.9
91107,2018/06/11,89,72,14.5,12.1
91107,2018/06/12,95,76,13.8,9.6
91107,2018/06/13,98,64,12.9,4.7
91107,2018/06/14,98,73,13.4,4.1
91107,2018/06/15,94,73,11.9,5.4
91107,2018/06/16,95,71,12.2,4.3
91107,2018/06/17,91,54,14,4.6
91107,2018/06/18,96,54,13.3,1.6
91107,2018/06/19,96,65,11.3,-1.3
91107,2018/06/20,94,65,13.9,6.2
91107,2018/06/21,98,60,13.9,2.2
91107,2018/06/22,97,80,13.2,1.7
91107,2018/06/23,94,61,11.7,6.8
91107,2018/06/24,96,66,12.3,2.9
91107,2018/06/25,99,64,15.3,2
91107,2018/06/26,99,70,12.6,0.6
91107,2018/06/27,97,71,12.1,3.2
91107,2018/06/28,98,67,12.5,1.8
91107,2018/06/29,98,73,13,8.7
91107,2018/06/30,97,67,13.1,2
91107,2018/07/01,98,68,13.8,0.7
91107,2018/07/02,99,65,14.1,1.1
91107,2018/07/03,96,63,13.7,9.7
91107,2018/07/04,96,74,13.7,7.9
91107,2018/07/05,99,75,13.8,7.3
91107,2018/07/06,91,65,13.5,8.4
91107,2018/07/07,93,59,12.1,6.3
91107,2018/07/08,83,58,11.3,5.5
91107,2018/07/09,96,58,12.8,0.7
91107,2018/07/10,97,69,12.7,-0.8
91107,2018/07/11,98,88,10.6,2.7
91107,2018/07/12,99,61,12.4,2.4
91107,2018/07/13,97,63,13.8,-0.3
91107,2018/07/14,97,67,10.6,0.1
91107,2018/07/15,98,71,13.4,2.1
91107,2018/07/16,99,75,12.2,2.9
91107,2018/07/17,92,62,14.1,6.6
91107,2018/07/18,97,77,13.2,2.8
91107,2018/07/19,95,73,12.8,3.8
91107,2018/07/20,97,69,9.7,1.5
91107,2018/07/21,96,58,13,1.4
91107,2018/07/22,97,70,11.3,3.8
91107,2018/07/23,94,60,12.5,9.2
91107,2018/07/24,96,80,11.8,5.7
91107,2018/07/25,96,66,12.5,1.9
91107,2018/07/26,99,64,13.8,2.1
91107,2018/07/27,99,75,13.6,3.7
91107,2018/07/28,98,69,12.5,1.7
91107,2018/07/29,99,77,11.7,8
91107,2018/07/30,89,68,12.2,5.2
91107,2018/07/31,93,67,13,6.3
91107,2018/08/01,97,64,13,1.6
91107,2018/08/02,97,75,12.9,0.3
91107,2018/08/03,94,77,13.6,9.7
91107,2018/08/04,96,74,12.2,5.5
91107,2018/08/05,98,63,14.3,10.4
91107,2018/08/06,96,68,12.7,5.4
91107,2018/08/07,94,55,12.4,5.3
91107,2018/08/08,92,64,13.1,4.6
91107,2018/08/09,98,66,12.7,3
91107,2018/08/10,95,62,14.8,6.5
91107,2018/08/11,97,68,10.6,2.3
91107,2018/08/12,96,73,11.1,1
91107,2018/08/13,93,68,13.4,7.8
91107,2018/08/14,92,67,14.7,10.7
91107,2018/08/15,90,63,14.1,7.2
91107,2018/08/16,93,52,12.8,4
91107,2018/08/17,98,80,12.9,2.4
91107,2018/08/18,94,69,10.2,3.6
91107,2018/08/19,91,52,10.3,0.7
91107,2018/08/20,94,70,12.1,0.5
91107,2018/08/21,90,65,12.6,2.9
91107,2018/08/22,96,55,11.2,-0.1
91107,2018/08/23,96,71,11.8,0.5
91107,2018/08/24,98,69,13.9,1.3
91107,2018/08/25,98,63,14.4,2.2
91107,2018/08/26,89,63,13.6,2.4
91107,2018/08/27,90,48,11.6,0.8
91107,2018/08/28,92,39,11.2,-2.6
91107,2018/08/29,94,51,10.8,-2.1
91107,2018/08/30,96,73,11.1,-1.7
91107,2018/08/31,98,70,12.6,5.8
91107,2018/09/01,95,52,12,3.4
91107,2018/09/02,95,46,13.2,0.8
91107,2018/09/03,94,64,12.5,1.6
91107,2018/09/04,94,82,8.9,4.1
91107,2018/09/05,93,87,12.6,11.3
91107,2018/09/06,97,82,13,6.4
91107,2018/09/07,99,45,15.1,3.5
91107,2018/09/08,97,65,13,0.9
91107,2018/09/09,98,59,15.2,4.5
91107,2018/09/10,97,68,16.7,5.3
91107,2018/09/11,98,68,15.4,6.5
91107,2018/09/12,90,50,15.2,6.4
91107,2018/09/13,94,77,13.4,8.5
91107,2018/09/14,97,59,16.6,7.8
91107,2018/09/15,90,59,15.4,3.8
91107,2018/09/16,94,54,12.7,1.2
91107,2018/09/17,98,67,13.5,3.7
91107,2018/09/18,93,55,15.2,7.3
91107,2018/09/19,98,50,13.4,1.9
91107,2018/09/20,96,59,15.2,0.8
91107,2018/09/21,97,62,15.6,4.9
91107,2018/09/22,83,61,15.3,7.3
91107,2018/09/23,90,42,13.2,3.3
91107,2018/09/24,91,51,12.2,-0.6
91107,2018/09/25,94,45,12.5,1.6
91107,2018/09/26,95,62,13.1,0.9
91107,2018/09/27,87,66,14.7,8.3
91107,2018/09/28,92,48,13.6,2.9
91107,2018/09/29,95,55,14.1,-0.1
91107,2018/09/30,93,57,15.9,6.6
91107,2018/10/01,93,60,14.8,3
91107,2018/10/02,93,73,14.5,8.6
91107,2018/10/03,96,42,18.1,9.2
91107,2018/10/04,95,57,13.1,6
91107,2018/10/05,97,55,14.9,4.5
91107,2018/10/06,96,67,15,3.7
91107,2018/10/07,89,71,14.9,10.1
91107,2018/10/08,90,74,15.9,11.3
91107,2018/10/09,97,44,18.6,7
91107,2018/10/10,81,45,12.3,1.8
91107,2018/10/11,91,61,13.5,3.5
91107,2018/10/12,89,64,14.3,8.5
91107,2018/10/13,88,74,15.9,10.9
91107,2018/10/14,86,75,17.2,13.2
91107,2018/10/15,88,73,18,15.2
91107,2018/10/16,93,79,17.7,15.6
91107,2018/10/17,97,86,16.5,14
91107,2018/10/18,99,83,15.9,13.7
91107,2018/10/19,98,73,16.5,12.5
91107,2018/10/20,96,48,17.5,8.5
91107,2018/10/21,89,46,19.2,6
91107,2018/10/22,98,78,15.9,4.3
91107,2018/10/23,96,36,17.3,4.5
91107,2018/10/24,94,51,15.3,1.1
91107,2018/10/25,96,43,16.6,2.9
91107,2018/10/26,96,37,18.5,6.4
91107,2018/10/27,81,33,17.8,3.7
91107,2018/10/28,91,42,17.4,0.6
91107,2018/10/29,92,44,14.8,2.2
91107,2018/10/30,94,51,18.4,6.7
91107,2018/10/31,94,36,17.8,3.9
91107,2018/11/01,95,64,15.7,5.6
91107,2018/11/02,99,48,19.5,8.7
91107,2018/11/03,84,47,15.7,7.7
91107,2018/11/04,92,67,16,7.6
91107,2018/11/05,98,89,14.9,11.2
91107,2018/11/06,98,70,16.3,10.2
91107,2018/11/07,88,44,15.1,5.1
91107,2018/11/08,87,49,15.4,4.5
91107,2018/11/09,96,58,16.1,4.2
91107,2018/11/10,98,53,17.1,5.8
91107,2018/11/11,97,49,18.5,4.4
91107,2018/11/12,97,70,18.1,10.5
91107,2018/11/13,94,69,19.8,14.4
91107,2018/11/14,86,46,21.4,11.7
91107,2018/11/15,89,35,18.8,6.6
91107,2018/11/16,84,49,17.6,9.5
91107,2018/11/17,89,39,19.2,7.5
91107,2018/11/18,94,67,17.2,7.5
91107,2018/11/19,88,62,19,12.2
91107,2018/11/20,97,75,17.3,14.8
91107,2018/11/21,98,36,20.8,11
91107,2018/11/22,95,75,13.2,10.2
91107,2018/11/23,75,38,22.7,12.9
91107,2018/11/24,91,48,20.3,11.6
91107,2018/11/25,93,49,19.7,11.2
91107,2018/11/26,92,58,19.6,11.7
91107,2018/11/27,94,67,18.9,13.4
91107,2018/11/28,95,71,17.6,11.5
91107,2018/11/29,93,70,18.8,9.4
91107,2018/11/30,94,49,17.9,9.3
91107,2018/12/01,97,66,18.6,4.3
91107,2018/12/02,95,48,16.5,10.3
91107,2018/12/03,93,50,17.4,10.2
91107,2018/12/04,87,51,19.1,7
91107,2018/12/05,93,50,18.7,6.7
91107,2018/12/06,94,69,20.2,13.4
91107,2018/12/07,94,62,22.4,12.7
91107,2018/12/08,92,39,27.6,15.1
91107,2018/12/09,92,68,19.4,11.3
91107,2018/12/10,96,36,22.2,10.5
91107,2018/12/11,88,69,19.3,12.2
91107,2018/12/12,85,73,17.5,14.3
91107,2018/12/13,97,73,18.8,15.5
91107,2018/12/14,87,58,21.3,15.4
91107,2018/12/15,97,69,19.8,17
91107,2018/12/16,98,67,20.7,15.2
91107,2018/12/17,92,49,24.5,14.8
91107,2018/12/18,94,69,19.4,14.8
91107,2018/12/19,92,67,16.9,14.7
91107,2018/12/20,96,54,21.7,14.3
91107,2018/12/21,92,64,17.5,11.9
91107,2018/12/22,93,45,20.6,6.7
91107,2018/12/23,95,50,21.6,7
91107,2018/12/24,96,68,20.7,7.9
91107,2018/12/25,92,20,26.7,13.8
91107,2018/12/26,92,66,21.1,11.1
91107,2018/12/27,95,69,21.1,9.9
91107,2018/12/28,93,47,26.9,15.5
91107,2018/12/29,95,26,23.8,11.5
91107,2018/12/30,84,23,26.3,8.9
91107,2018/12/31,88,27,25.2,9.3
91107,2019/01/01,85,52,23.2,13
91107,2019/01/02,93,28,25.4,9.2
91107,2019/01/03,90,59,21.5,12.8
91107,2019/01/04,90,53,23.4,15.1
91107,2019/01/05,79,31,21.7,11.2
91107,2019/01/06,89,48,22.1,10.1
91107,2019/01/07,90,45,22.8,8.1
91107,2019/01/08,94,42,22.9,9.5
91107,2019/01/09,82,35,20.1,8.7
91107,2019/01/10,78,41,20.5,10.3
91107,2019/01/11,94,56,19.9,4.6
91107,2019/01/12,94,20,26.3,15.7
91107,2019/01/13,85,61,20.6,16.4
91107,2019/01/14,89,65,21.6,15.1
91107,2019/01/15,95,68,24.5,15.7
91107,2019/01/16,96,67,21.5,10.8
91107,2019/01/17,95,56,24.7,16.4
91107,2019/01/18,95,35,26.3,14.7
91107,2019/01/19,88,34,23.5,9.4
91107,2019/01/20,84,38,29,14.4
91107,2019/01/21,89,28,31.7,11.8
91107,2019/01/22,83,21,32.7,10.5
91107,2019/01/23,86,43,23,12.8
91107,2019/01/24,83,58,21.6,16.5
91107,2019/01/25,82,38,26,18.4
91107,2019/01/26,75,44,23.5,13.4
91107,2019/01/27,93,42,22.9,10.2
91107,2019/01/28,93,56,22,9.9
91107,2019/01/29,95,33,25.6,10.5
91107,2019/01/30,93,64,21.9,9
91107,2019/01/31,75,28,19.9,6.4
91107,2019/02/01,91,29,19.4,3.2
91107,2019/02/02,85,65,23.1,16.7
91107,2019/02/03,91,16,30.1,18.5
91107,2019/02/04,69,30,27.5,15.4
91107,2019/02/05,84,62,22.1,15.2
91107,2019/02/06,95,65,18.5,16.5
91107,2019/02/07,99,60,26.4,17.8
91107,2019/02/08,91,36,21.6,13.6
91107,2019/02/09,93,50,17.2,11
91107,2019/02/10,90,66,20.6,7.7
91107,2019/02/11,94,74,19.7,16.1
91107,2019/02/12,92,43,18.1,7.6
91107,2019/02/13,94,46,17.2,5.7
91107,2019/02/14,90,51,20.5,10.6
91107,2019/02/15,95,43,22,8
91107,2019/02/16,91,66,21.5,13.6
91107,2019/02/17,94,58,19.6,9.5
91107,2019/02/18,97,41,20.6,11.9
91107,2019/02/19,91,35,20,6.4
91107,2019/02/20,90,43,20.2,7.9
91107,2019/02/21,84,50,19.9,8
91107,2019/02/22,97,43,22.9,6.7
91107,2019/02/23,91,50,20.9,8.4
91107,2019/02/24,81,60,19.5,16.3
91107,2019/02/25,91,66,21.3,14.7
91107,2019/02/26,97,27,25,10.4
91107,2019/02/27,82,65,19.2,16.4
91107,2019/02/28,88,61,21.4,15.5
91107,2019/03/01,88,65,24.8,16.2
91107,2019/03/02,93,64,24.3,13.8
91107,2019/03/03,93,75,23.1,15.2
91107,2019/03/04,93,41,26.5,8.5
91107,2019/03/05,91,62,21.3,11.9
91107,2019/03/06,82,40,15.3,4.5
91107,2019/03/07,92,48,18.2,3.4
91107,2019/03/08,92,50,21.2,10.8
91107,2019/03/09,94,62,20.3,10.7
91107,2019/03/10,95,54,21.5,9.1
91107,2019/03/11,96,40,20.1,6.3
91107,2019/03/12,95,38,17.8,5.1
91107,2019/03/13,95,41,16.4,0.7
91107,2019/03/14,94,48,19.7,4.7
91107,2019/03/15,96,50,20.5,4.7
91107,2019/03/16,93,56,21.1,9.7
91107,2019/03/17,85,58,21.3,12.8
91107,2019/03/18,90,53,22.1,13.6
91107,2019/03/19,96,54,23.2,9.7
91107,2019/03/20,97,64,23.8,15.9
91107,2019/03/21,97,76,20.9,14.8
91107,2019/03/22,95,61,21.9,12.8
91107,2019/03/23,94,76,18.5,15.7
91107,2019/03/24,99,73,19.8,11.9
91107,2019/03/25,90,55,18.8,8.1
91107,2019/03/26,89,52,15.6,7.6
91107,2019/03/27,96,53,19.1,3.1
91107,2019/03/28,96,66,19.3,8.8
91107,2019/03/29,98,84,17.8,8.5
91107,2019/03/30,95,43,15.8,6.6
91107,2019/03/31,90,48,16.8,6.6
91107,2019/04/01,92,44,17.9,3.8
91107,2019/04/02,90,58,16.4,6.6
91107,2019/04/03,96,42,17.2,8.2
91107,2019/04/04,90,47,17.1,3.9
91107,2019/04/05,95,65,17.6,13.1
91107,2019/04/06,94,54,18.3,8.2
91107,2019/04/07,95,61,18.2,7.8
91107,2019/04/08,96,53,18,5.8
91107,2019/04/09,91,56,14.3,4.4
91107,2019/04/10,97,52,16.7,2.3
91107,2019/04/11,98,52,17.9,2.1
91107,2019/04/12,96,63,15.8,4.7
91107,2019/04/13,97,47,20.3,7.5
91107,2019/04/14,79,58,17.2,12.3
91107,2019/04/15,84,64,17,13.6
91107,2019/04/16,87,76,19.8,16.2
91107,2019/04/17,95,83,19.1,11.8
91107,2019/04/18,94,50,16.5,6.3
91107,2019/04/19,96,62,16.1,1.8
91107,2019/04/20,96,73,19,13.2
91107,2019/04/21,98,85,19.3,14.1
91107,2019/04/22,89,52,18.1,6.6
91107,2019/04/23,96,62,17.6,4.8
91107,2019/04/24,96,72,15.9,8.1
91107,2019/04/25,90,64,17.6,11.4
91107,2019/04/26,88,65,12.6,6.3
91107,2019/04/27,94,69,14,5.7
91107,2019/04/28,88,52,17,7.4
91107,2019/04/29,97,69,15.9,4
91107,2019/04/30,98,69,17.1,9.8
91107,2019/05/01,91,64,17.6,12.3
91107,2019/05/02,98,87,16.5,13.2
91107,2019/05/03,96,74,16.3,9.1
91107,2019/05/04,98,56,16.7,6.8
91107,2019/05/05,97,54,16.2,2.1
91107,2019/05/06,98,63,13.8,2.7
91107,2019/05/07,99,73,13.6,1.1
91107,2019/05/08,96,75,15.8,6.2
91107,2019/05/09,98,69,14.6,6.8
91107,2019/05/10,96,69,14.4,8
91107,2019/05/11,94,60,15.9,3.4
91107,2019/05/12,94,56,15.7,9
91107,2019/05/13,98,80,15.1,8.4
91107,2019/05/14,97,60,14.5,7.1
91107,2019/05/15,98,67,17.2,6.3
91107,2019/05/16,98,71,15.8,5.2
91107,2019/05/17,98,62,17.2,4.8
91107,2019/05/18,99,55,18.1,3.3
91107,2019/05/19,98,81,13.6,2.5
91107,2019/05/20,96,82,14.9,12.4
91107,2019/05/21,98,70,16.2,7.5
91107,2019/05/22,99,53,17.1,4.6
91107,2019/05/23,99,77,14.8,2.2
91107,2019/05/24,99,82,15.3,4.8
91107,2019/05/25,97,65,14.9,6
91107,2019/05/26,97,60,14.1,5.4
91107,2019/05/27,96,61,12.2,3.9
91107,2019/05/28,92,75,10.7,5.4
91107,2019/05/29,95,58,10.4,3
91107,2019/05/30,91,68,11.7,4.4
91107,2019/05/31,92,58,14.5,8
91107,2019/06/01,97,61,15.7,3.6
91107,2019/06/02,99,76,12.9,1.1
91107,2019/06/03,76,49,12.8,4.6
91107,2019/06/04,95,50,12.4,0
91107,2019/06/05,96,65,12.4,-1.7
91107,2019/06/06,93,63,15.1,8.3
91107,2019/06/07,97,69,14.9,4.3
91107,2019/06/08,98,68,14.4,3.3
91107,2019/06/09,98,77,14.7,3.6
91107,2019/06/10,98,74,13.8,9.2
91107,2019/06/11,99,66,16.9,5.2
91107,2019/06/12,99,83,13.9,4.7
91107,2019/06/13,99,70,13.5,3.7
91107,2019/06/14,99,68,13.7,2
91107,2019/06/15,99,66,13.3,1.9
91107,2019/06/16,99,71,12.2,2.3
91107,2019/06/17,99,80,14.4,6.4
91107,2019/06/18,93,70,13.5,7.1
91107,2019/06/19,95,58,11.6,1.2
91107,2019/06/20,96,56,11.7,-1.6
91107,2019/06/21,96,57,11.8,-0.1
91107,2019/06/22,97,56,12.7,-1.4
91107,2019/06/23,97,58,13.4,-0.6
91107,2019/06/24,97,75,10.6,-1.9
91107,2019/06/25,98,75,12.1,-1
91107,2019/06/26,99,80,12.9,0.9
91107,2019/06/27,99,76,14.4,2
91107,2019/06/28,99,74,14.9,1.6
91107,2019/06/29,97,76,15,10.7
91107,2019/06/30,93,69,12.7,8.3
91107,2019/07/01,94,71,12.7,11.6
91107,2019/07/02,96,64,13.8,3.5
91107,2019/07/03,98,62,13.3,1.2
91107,2019/07/04,98,61,12.8,0.5
91107,2019/07/05,97,70,12.2,9.1
91107,2019/07/06,98,89,13.2,11.2
91107,2019/07/07,99,80,12.9,5.8
91107,2019/07/08,99,71,14,4.1
91107,2019/07/09,99,72,13.8,2.5
91107,2019/07/10,97,71,13.8,8.7
91107,2019/07/11,95,79,11.5,6.7
91107,2019/07/12,93,67,11.3,4.5
91107,2019/07/13,93,68,9.4,3.1
91107,2019/07/14,96,69,10.7,2
91107,2019/07/15,94,74,12.1,6
91107,2019/07/16,91,69,13.7,9.2
91107,2019/07/17,96,77,12.3,7.4
91107,2019/07/18,96,68,11.7,3
91107,2019/07/19,98,60,13,5.7
91107,2019/07/20,98,68,13.3,5.8
91107,2019/07/21,98,65,13.2,7
91107,2019/07/22,96,68,14.2,9.2
91107,2019/07/23,95,68,11.2,3.3
91107,2019/07/24,98,83,13.6,0.9
91107,2019/07/25,97,74,14.6,9.4
91107,2019/07/26,96,51,13.8,2
91107,2019/07/27,98,63,11.8,1.2
91107,2019/07/28,99,74,12.9,1.3
91107,2019/07/29,99,58,11.9,3.3
91107,2019/07/30,97,52,10.3,0.1
91107,2019/07/31,96,60,12.5,-1.6
91107,2019/08/01,99,52,14.2,1.3
91107,2019/08/02,98,63,11.8,0.1
91107,2019/08/03,94,58,13.3,0.9
91107,2019/08/04,96,55,10.5,-0.7
91107,2019/08/05,98,77,10.8,2.6
91107,2019/08/06,99,79,13,3.9
91107,2019/08/07,99,61,11.7,-0.2
91107,2019/08/08,99,76,8.7,-0.4
91107,2019/08/09,94,59,12.6,4.2
91107,2019/08/10,85,50,11.6,4.7
91107,2019/08/11,84,51,15.1,4
91107,2019/08/12,91,62,13.1,2.1
91107,2019/08/13,98,53,17,2.6
91107,2019/08/14,98,74,13.6,1.3
91107,2019/08/15,98,76,12.1,4.7
91107,2019/08/16,99,63,13.4,6
91107,2019/08/17,98,75,11.6,0.6
91107,2019/08/18,94,71,13.7,6.7
91107,2019/08/19,89,68,10.5,4.2
91107,2019/08/20,92,75,13.8,8.9
91107,2019/08/21,92,60,11.8,7.1
91107,2019/08/22,93,40,12,0.7
91107,2019/08/23,96,76,12.8,-1.1
91107,2019/08/24,93,67,13.1,6.9
91107,2019/08/25,96,54,12.6,2.6
91107,2019/08/26,98,62,13.4,-0.3
91107,2019/08/27,99,57,15,4.1
91107,2019/08/28,91,55,11.5,1.5
91107,2019/08/29,95,54,11.4,-1.4
91107,2019/08/30,97,63,11,-1.2
91107,2019/08/31,96,76,13.2,5
91107,2019/09/01,99,88,11.7,5
91107,2019/09/02,99,62,14.5,2.5
91107,2019/09/03,99,42,17.2,4.5
91107,2019/09/04,98,45,15.9,3.1
91107,2019/09/05,97,57,11.6,-0.5
91107,2019/09/06,96,77,10.3,6.5
91107,2019/09/07,95,56,13.4,6.4
91107,2019/09/08,98,66,13.9,1.4
91107,2019/09/09,86,43,12.8,4.7
91107,2019/09/10,97,49,14.2,0.4
91107,2019/09/11,96,58,17.4,7.7
91107,2019/09/12,97,50,17.1,7.6
91107,2019/09/13,93,66,12.7,5.9
91107,2019/09/14,92,51,16.3,8.2
91107,2019/09/15,97,45,16.4,8.6
91107,2019/09/16,93,40,11.7,0.6
91107,2019/09/17,95,49,12,-1.9
91107,2019/09/18,95,58,11.8,0.3
91107,2019/09/19,96,81,14.7,3.8
91107,2019/09/20,92,79,16,12.9
91107,2019/09/21,93,76,15.4,7.5
91107,2019/09/22,96,57,12.2,3.1
91107,2019/09/23,99,51,15.4,3.9
91107,2019/09/24,93,58,15,4.7
91107,2019/09/25,98,47,17,4.1
91107,2019/09/26,98,56,15.8,4.4
91107,2019/09/27,98,63,13.6,5
91107,2019/09/28,96,56,14.3,2.5
91107,2019/09/29,91,36,16,6.6
91107,2019/09/30,97,41,15.8,1.9
91107,2019/10/01,95,40,18.5,2.3
91107,2019/10/02,98,72,14.1,4.2
91107,2019/10/03,99,39,20.1,5
91107,2019/10/04,81,49,16.3,6.2
91107,2019/10/05,84,63,13.6,3.2
91107,2019/10/06,96,73,16.9,9.9
91107,2019/10/07,96,50,16.2,5.5
91107,2019/10/08,97,42,14.4,4.2
91107,2019/10/09,94,47,15.7,2.1
91107,2019/10/10,93,55,14.3,6.7
91107,2019/10/11,95,62,13.6,9.3
91107,2019/10/12,88,51,13.1,4.3
91107,2019/10/13,80,66,13.5,10.2
91107,2019/10/14,92,76,13.1,9.8
91107,2019/10/15,98,33,17.7,3.4
91107,2019/10/16,96,58,13.4,1.4
91107,2019/10/17,97,47,17,2.3
91107,2019/10/18,93,71,12.9,5.4
91107,2019/10/19,92,52,13.7,2.9
91107,2019/10/20,91,68,15.4,7.3
91107,2019/10/21,87,41,22.1,6.5
91107,2019/10/22,95,70,15.4,2.9
91107,2019/10/23,99,51,19.8,2.9
91107,2019/10/24,91,51,16.9,9.9
91107,2019/10/25,85,41,20.9,8.5
91107,2019/10/26,93,64,13.1,6.8
91107,2019/10/27,89,59,15.4,6.3
91107,2019/10/28,96,43,18.5,2.5
91107,2019/10/29,97,33,22,3.2
91107,2019/10/30,97,70,15.7,6.1
91107,2019/10/31,96,77,17.2,10
91107,2019/11/01,95,48,24,10
91107,2019/11/02,99,74,17.8,10.4
91107,2019/11/03,99,54,16.4,6.1
91107,2019/11/04,98,42,15.9,4.6
91107,2019/11/05,93,51,14,1.6
91107,2019/11/06,95,49,14.8,7.4
91107,2019/11/07,91,54,13.5,5.8
91107,2019/11/08,95,49,13.8,4.8
91107,2019/11/09,92,67,12.9,3.2
91107,2019/11/10,90,61,17.2,9.2
91107,2019/11/11,94,70,16,8.3
91107,2019/11/12,94,48,14.5,5.5
91107,2019/11/13,92,57,16.4,5.2
91107,2019/11/14,95,60,16.5,10.5
91107,2019/11/15,92,47,16.8,7
91107,2019/11/16,89,52,15.4,5.9
91107,2019/11/17,89,41,16.7,5.2
91107,2019/11/18,90,57,16.1,8.6
91107,2019/11/19,93,33,21,5.7
91107,2019/11/20,91,76,14.8,6.1
91107,2019/11/21,84,51,23.1,11.7
91107,2019/11/22,92,42,19.1,7.5
91107,2019/11/23,92,40,18.3,9.1
91107,2019/11/24,97,54,17.1,3.1
91107,2019/11/25,94,64,17.3,8
91107,2019/11/26,95,37,17.6,8.4
91107,2019/11/27,92,66,14.5,4.5
91107,2019/11/28,94,29,19.8,10.8
91107,2019/11/29,92,38,18.1,4
91107,2019/11/30,90,39,18.2,2.8
91107,2019/12/01,92,58,14.7,8.4
91107,2019/12/02,96,44,13.6,5.7
91107,2019/12/03,88,43,15.4,7
91107,2019/12/04,83,50,15.5,5.9
91107,2019/12/05,90,60,17.4,10.4
91107,2019/12/06,90,49,16.2,9.7
91107,2019/12/07,85,47,18.3,9.7
91107,2019/12/08,95,50,18.1,5.8
91107,2019/12/09,94,74,17.4,12.9
91107,2019/12/10,87,39,22,11.8
91107,2019/12/11,90,59,18.9,12
91107,2019/12/12,86,33,19,10.2
91107,2019/12/13,91,61,18.5,9.5
91107,2019/12/14,88,39,19.8,12.4
91107,2019/12/15,96,65,17.3,9.6
91107,2019/12/16,98,44,19.8,4.5
91107,2019/12/17,94,49,23.5,7.5
91107,2019/12/18,96,49,23.6,14.4
91107,2019/12/19,81,12,26.6,14.1
91107,2019/12/20,85,63,19.9,14.4
91107,2019/12/21,88,33,19.3,11.5
91107,2019/12/22,87,37,21,6.4
91107,2019/12/23,93,64,17.6,7.4
91107,2019/12/24,87,53,18.8,10.9
91107,2019/12/25,92,61,19,11.5
91107,2019/12/26,98,18,27,7.3
91107,2019/12/27,89,46,20.5,11.2
91107,2019/12/28,90,24,30.6,15.5
91107,2019/12/29,93,22,24.1,8.7
91107,2019/12/30,95,25,24.5,10.2
91107,2019/12/31,87,32,21.1,10.2
91107,2020/01/01,95,42,22.2,5.5
91107,2020/01/02,89,36,23.3,11.8
91107,2020/01/03,81,58,19.6,9.6
91107,2020/01/04,79,39,21.1,12.5
91107,2020/01/05,77,31,21.6,9.6
91107,2020/01/06,84,57,19.7,8.7
91107,2020/01/07,90,35,23.3,14
91107,2020/01/08,90,68,20.8,12.3
91107,2020/01/09,95,68,21,15.3
91107,2020/01/10,93,76,20.2,12.7
91107,2020/01/11,83,43,17.6,11.1
91107,2020/01/12,91,41,22.9,9.6
91107,2020/01/13,89,59,20.4,13.1
91107,2020/01/14,85,57,23.1,16.8
91107,2020/01/15,92,73,21.1,18.5
91107,2020/01/16,96,44,20.9,14.7
91107,2020/01/17,86,43,19,8.9
91107,2020/01/18,70,50,17.2,10.9
91107,2020/01/19,79,54,19.3,14.8
91107,2020/01/20,94,59,23.6,14.8
91107,2020/01/21,97,38,24.5,12
91107,2020/01/22,96,72,19.8,7.2
91107,2020/01/23,95,63,16.7,11
91107,2020/01/24,91,47,19.1,8.9
91107,2020/01/25,94,72,19.5,14.7
91107,2020/01/26,95,45,21.3,10.3
91107,2020/01/27,94,43,21.6,8.7
91107,2020/01/28,92,52,22.2,10.7
91107,2020/01/29,90,51,24.9,13.7
91107,2020/01/30,97,63,24.6,9.7
91107,2020/01/31,99,35,26.9,11.5
91107,2020/02/01,99,56,21.5,11.2
91107,2020/02/02,97,50,18.5,7.6
91107,2020/02/03,89,41,15.6,7
91107,2020/02/04,95,37,20.9,3.5
91107,2020/02/05,82,50,18.5,10.3
91107,2020/02/06,80,67,19.2,14.8
91107,2020/02/07,93,58,24.1,12.3
91107,2020/02/08,93,59,21.6,13
91107,2020/02/09,85,59,20,13.1
91107,2020/02/10,91,58,20.8,16.7
91107,2020/02/11,92,63,24.7,18.2
91107,2020/02/12,97,63,24.5,16.3
91107,2020/02/13,88,64,20.8,15.5
91107,2020/02/14,91,78,22.4,17.4
91107,2020/02/15,96,52,26.5,17.4
91107,2020/02/16,94,50,19,8.8
91107,2020/02/17,87,49,18.7,9.9
91107,2020/02/18,95,66,16.1,11.6
91107,2020/02/19,97,54,19.1,13.6
91107,2020/02/20,83,47,19.6,9.9
91107,2020/02/21,94,42,18.7,7
91107,2020/02/22,91,54,18.9,6.4
91107,2020/02/23,96,58,20.7,8.4
91107,2020/02/24,94,67,19.1,11.8
91107,2020/02/25,96,39,23.7,12
91107,2020/02/26,92,37,16.8,8.7
91107,2020/02/27,88,62,17.7,9
91107,2020/02/28,81,43,19.7,10.5
91107,2020/02/29,90,52,23.2,11.1
91107,2020/03/01,97,73,17.7,10.3
91107,2020/03/02,96,46,17.4,10.6
91107,2020/03/03,85,42,20.4,10.1
91107,2020/03/04,81,71,18.6,15.2
91107,2020/03/05,99,75,19.2,15.8
91107,2020/03/06,80,47,21.6,13.9
91107,2020/03/07,88,49,18.1,11.5
91107,2020/03/08,93,52,16.6,7.3
91107,2020/03/09,93,50,17.9,9.9
91107,2020/03/10,94,61,18,7
91107,2020/03/11,93,61,18.8,9.7
91107,2020/03/12,96,75,20.6,13.3
91107,2020/03/13,98,62,17.6,8.3
91107,2020/03/14,93,50,17.1,4
91107,2020/03/15,96,51,18.9,5.8
91107,2020/03/16,97,67,18.8,6.9
91107,2020/03/17,94,70,19.6,13.4
91107,2020/03/18,95,75,20.1,14.2
91107,2020/03/19,99,69,18.4,11.2
91107,2020/03/20,97,68,19.1,12.3
91107,2020/03/21,95,61,18.3,8.2
91107,2020/03/22,94,42,18.6,5.6
91107,2020/03/23,95,48,16.4,3.6
91107,2020/03/24,93,59,17.9,5
91107,2020/03/25,88,49,19.6,8.3
91107,2020/03/26,92,53,16.4,4.9
91107,2020/03/27,96,64,18.8,10.3
91107,2020/03/28,91,79,20,15.7
91107,2020/03/29,97,85,17.7,15.3
91107,2020/03/30,99,61,18.1,9
91107,2020/03/31,99,66,18.8,8.3
91107,2020/04/01,98,55,18.8,12.8
91107,2020/04/02,99,72,17.7,13.5
91107,2020/04/03,99,81,18.9,10.2
91107,2020/04/04,98,52,15.8,5.4
91107,2020/04/05,97,62,12.7,3.7
91107,2020/04/06,98,50,16.4,1.9
91107,2020/04/07,91,52,17.2,5.7
91107,2020/04/08,95,57,17.4,6.1
91107,2020/04/09,97,62,17.4,7.3
91107,2020/04/10,96,71,18.4,9.6
91107,2020/04/11,94,45,14.9,8.5
91107,2020/04/12,86,59,16.9,8.6
91107,2020/04/13,98,68,15.8,6.7
91107,2020/04/14,99,74,17.5,7.3
91107,2020/04/15,99,80,16.4,11.7
91107,2020/04/16,99,46,16.7,8.6
91107,2020/04/17,91,52,13.9,9.3
91107,2020/04/18,96,60,14.5,5.1
91107,2020/04/19,99,63,15.6,3.3
91107,2020/04/20,97,52,17.3,8.1
91107,2020/04/21,98,72,15.1,4.9
91107,2020/04/22,88,52,15.5,9.4
91107,2020/04/23,99,72,16.2,8.8
91107,2020/04/24,96,64,16.5,11.5
91107,2020/04/25,97,82,16.3,12.2
91107,2020/04/26,98,49,15,8
91107,2020/04/27,93,72,16,6.5
91107,2020/04/28,95,67,16,11.7
91107,2020/04/29,97,74,16.1,10.4
91107,2020/04/30,99,67,14.7,5.4
91107,2020/05/01,99,59,14.6,2.9
91107,2020/05/02,86,61,11.1,7.7
91107,2020/05/03,90,64,12.6,5
91107,2020/05/04,95,57,17.1,6.5
91107,2020/05/05,98,76,14.7,4
91107,2020/05/06,98,72,16.7,8.6
91107,2020/05/07,99,71,16.6,5.9
91107,2020/05/08,99,75,15.4,10.4
91107,2020/05/09,95,58,15,5.2
91107,2020/05/10,99,63,12.7,3.7
91107,2020/05/11,99,74,15.8,5.5
91107,2020/05/12,96,78,13.9,8.9
91107,2020/05/13,99,51,13.2,2.3
91107,2020/05/14,99,68,14.9,3.4
91107,2020/05/15,99,67,15.5,4.4
91107,2020/05/16,99,68,14.3,3.8
91107,2020/05/17,99,74,16,7.9
91107,2020/05/18,99,72,15.3,5.5
91107,2020/05/19,99,76,15.5,8.7
91107,2020/05/20,97,66,15.4,9.2
91107,2020/05/21,98,67,12.5,2.1
91107,2020/05/22,99,59,13.1,1.2
91107,2020/05/23,99,63,15.6,1.2
91107,2020/05/24,98,53,13.9,1.3
91107,2020/05/25,99,66,11.1,-0.8
91107,2020/05/26,98,72,12.2,1.8
91107,2020/05/27,99,75,15,9.2
91107,2020/05/28,99,71,15.8,7.1
91107,2020/05/29,98,78,16,8.3
91107,2020/05/30,98,67,15.2,9.2
91107,2020/05/31,99,71,14.6,4.8
91107,2020/06/01,91,71,14.4,7.3
91107,2020/06/02,94,70,13.6,4.9
91107,2020/06/03,94,52,12.4,2.9
91107,2020/06/04,96,59,14.1,0.4
91107,2020/06/05,98,72,13.7,5.4
91107,2020/06/06,95,56,11.2,-0.5
91107,2020/06/07,98,55,12.6,-1.8
91107,2020/06/08,99,65,13.3,-0.8
91107,2020/06/09,99,70,13.1,0.7
91107,2020/06/10,99,72,12.6,1.8
91107,2020/06/11,99,69,14,7.5
91107,2020/06/12,99,85,10.8,7.9
91107,2020/06/13,97,83,14.8,11.3
91107,2020/06/14,96,70,13.9,9.5
91107,2020/06/15,94,82,14.6,11.5
91107,2020/06/16,92,70,14.3,4.6
91107,2020/06/17,98,59,11.9,-0.2
91107,2020/06/18,98,64,13.3,4.8
91107,2020/06/19,94,76,14.9,9.4
91107,2020/06/20,99,71,14,7.1
91107,2020/06/21,99,67,15.2,4.9
91107,2020/06/22,99,77,12.9,8.2
91107,2020/06/23,99,68,16.5,4.3
91107,2020/06/24,99,65,16.2,4.2
91107,2020/06/25,99,74,13.3,5.7
91107,2020/06/26,99,60,11.4,1.5
91107,2020/06/27,99,65,11,0.4
91107,2020/06/28,99,78,12.2,-0.1
91107,2020/06/29,99,71,12.8,1.7
91107,2020/06/30,99,67,12.9,6
91107,2020/07/01,99,79,14.3,7.6
91107,2020/07/02,98,71,13.1,4.7
91107,2020/07/03,99,64,10.3,0.6
91107,2020/07/04,98,74,13.5,4.2
91107,2020/07/05,91,63,15.5,6.2
91107,2020/07/06,99,60,14.1,2.8
91107,2020/07/07,99,57,10.2,0.9
91107,2020/07/08,99,86,10.2,2.5
91107,2020/07/09,99,84,11.3,4.8
91107,2020/07/10,99,85,12,6
91107,2020/07/11,99,89,9.7,4.4
91107,2020/07/12,99,65,13.9,1.5
91107,2020/07/13,99,63,12.5,0.2
91107,2020/07/14,99,63,11.6,0.4
91107,2020/07/15,98,68,11.3,-0.9
91107,2020/07/16,98,52,12.9,0.9
91107,2020/07/17,99,68,11.1,-0.9
91107,2020/07/18,99,70,11.9,7.6
91107,2020/07/19,96,77,13,6.6
91107,2020/07/20,93,61,11.7,4.9
91107,2020/07/21,96,59,13.8,6.6
91107,2020/07/22,98,61,12.7,1.9
91107,2020/07/23,99,63,13.2,-0.8
91107,2020/07/24,99,76,10.2,4.8
91107,2020/07/25,99,56,11.2,0.9
91107,2020/07/26,99,71,11.5,-0.6
91107,2020/07/27,99,57,15.2,3.4
91107,2020/07/28,97,51,13.8,0.5
91107,2020/07/29,99,75,14.9,2.3
91107,2020/07/30,99,54,14.1,1.4
91107,2020/07/31,99,72,14.7,3.5
91107,2020/08/01,99,74,14.2,4.8
91107,2020/08/02,99,58,13.6,4.3
91107,2020/08/03,96,51,11.4,4.3
91107,2020/08/04,98,51,8.8,0.2
91107,2020/08/05,81,44,11.6,2.5
91107,2020/08/06,96,44,13.8,1.2
91107,2020/08/07,97,59,10.6,-1.8
91107,2020/08/08,97,57,12.1,2.5
91107,2020/08/09,97,58,12,-0.2
91107,2020/08/10,98,73,11.4,-1.1
91107,2020/08/11,99,71,11.5,0.5
91107,2020/08/12,99,87,11.6,9.2
91107,2020/08/13,99,89,11.8,10.3
91107,2020/08/14,99,94,12.8,7.9
91107,2020/08/15,99,73,14.3,9.6
91107,2020/08/16,99,57,18,8.6
91107,2020/08/17,93,58,17.9,7.6
91107,2020/08/18,99,65,14.2,6.9
91107,2020/08/19,99,67,13.1,3.3
91107,2020/08/20,99,62,13.3,3
91107,2020/08/21,99,74,9.9,1.5
91107,2020/08/22,99,50,12.3,1.3
91107,2020/08/23,83,56,14.3,4.9
91107,2020/08/24,99,54,13.1,1.5
91107,2020/08/25,99,52,12.9,-1
91107,2020/08/26,99,54,14.1,2.3
91107,2020/08/27,99,75,13.9,5.2
91107,2020/08/28,85,46,16.8,6.4
91107,2020/08/29,99,60,15.8,4.3
91107,2020/08/30,99,57,15.5,2.5
91107,2020/08/31,95,53,11.8,0.5
91107,2020/09/01,96,62,11.7,-1
91107,2020/09/02,99,78,12.6,5.9
91107,2020/09/03,99,73,14,4.7
91107,2020/09/04,95,59,14.2,6.9
91107,2020/09/05,98,53,15.3,4.9
91107,2020/09/06,99,72,14.6,2.4
91107,2020/09/07,99,54,16.9,4.3
91107,2020/09/08,98,52,17.1,7.1
91107,2020/09/09,99,45,16.1,1.6
91107,2020/09/10,99,78,13.2,2.1
91107,2020/09/11,99,68,15.1,11
91107,2020/09/12,99,75,12.3,9.4
91107,2020/09/13,99,53,15.4,2.9
91107,2020/09/14,90,47,14.6,8.2
91107,2020/09/15,94,52,16.9,9.5
91107,2020/09/16,95,71,14.9,8.1
91107,2020/09/17,94,54,13.3,5.8
91107,2020/09/18,96,62,12.7,5.4
91107,2020/09/19,99,78,13.6,9.4
91107,2020/09/20,99,86,15.2,12.2
91107,2020/09/21,99,67,15.6,8.4
91107,2020/09/22,92,77,13.8,9.4
91107,2020/09/23,93,60,15.5,6.4
91107,2020/09/24,98,43,13.9,3.9
91107,2020/09/25,99,76,10.5,5.3
91107,2020/09/26,96,55,12.6,3.6
91107,2020/09/27,97,46,12.8,0
91107,2020/09/28,92,47,17.2,2.1
91107,2020/09/29,97,66,13,6.1
91107,2020/09/30,97,85,13.1,9.6
91107,2020/10/01,96,47,16,5.9
91107,2020/10/02,98,53,19.8,9.4
91107,2020/10/03,99,53,22.7,8.5
91107,2020/10/04,99,69,18.3,10.3
91107,2020/10/05,90,59,13.7,6.5
91107,2020/10/06,95,59,12.6,2.7
91107,2020/10/07,98,67,14.5,4.1
91107,2020/10/08,99,75,15.2,9.8
91107,2020/10/09,97,68,17.5,10.8
91107,2020/10/10,85,54,16.8,9.3
91107,2020/10/11,98,53,16.5,4.1
91107,2020/10/12,98,71,14.1,3.6
91107,2020/10/13,95,51,16,7.9
91107,2020/10/14,85,61,14.5,10.2
91107,2020/10/15,99,67,14,6.1
91107,2020/10/16,91,48,12.8,2.1
91107,2020/10/17,95,66,13.4,8
91107,2020/10/18,91,45,16.2,8.5
91107,2020/10/19,96,49,16.8,7.1
91107,2020/10/20,97,63,15.6,4.2
91107,2020/10/21,95,49,18.5,5.1
91107,2020/10/22,96,68,15.5,6.6
91107,2020/10/23,99,87,13.7,8.6
91107,2020/10/24,99,39,15.5,7
91107,2020/10/25,91,40,14,3.7
91107,2020/10/26,91,45,15.1,4
91107,2020/10/27,71,49,16.1,8.7
91107,2020/10/28,87,63,15.3,9.7
91107,2020/10/29,94,65,14.8,11.2
91107,2020/10/30,93,59,17.9,10.4
91107,2020/10/31,97,28,21.8,8.8
91107,2020/11/01,93,66,16.8,5.5
91107,2020/11/02,96,67,16.1,9.9
91107,2020/11/03,95,80,18.1,11.3
91107,2020/11/04,99,44,19.7,9.7
91107,2020/11/05,84,44,16.1,6.5
91107,2020/11/06,86,55,16.5,7
91107,2020/11/07,96,39,17.1,1.9
91107,2020/11/08,91,62,15.7,3.9
91107,2020/11/09,95,65,17.2,5.6
91107,2020/11/10,91,69,19.4,11.9
91107,2020/11/11,96,61,19.6,12.4
91107,2020/11/12,98,58,18.3,13
91107,2020/11/13,96,62,17.1,9.9
91107,2020/11/14,98,52,18,6.4
91107,2020/11/15,95,59,17.8,9.6
91107,2020/11/16,94,59,19.3,11.1
91107,2020/11/17,92,37,18.7,8.1
91107,2020/11/18,95,54,19.2,6
91107,2020/11/19,98,55,19.3,6.8
91107,2020/11/20,94,17,25.2,9
91107,2020/11/21,85,65,17.5,13.6
91107,2020/11/22,97,71,19.1,13.4
91107,2020/11/23,99,37,24.3,11.8
91107,2020/11/24,94,57,18.5,12.6
91107,2020/11/25,97,37,19.9,12.8
91107,2020/11/26,85,34,20.6,10.2
91107,2020/11/27,96,70,19.3,7.1
91107,2020/11/28,96,61,17.3,12.8
91107,2020/11/29,96,52,18.6,8.2
91107,2020/11/30,97,56,17.2,5.9
91107,2020/12/01,96,50,17.6,9.6
91107,2020/12/02,85,42,17.2,6.7
91107,2020/12/03,94,48,19.8,4.7
91107,2020/12/04,98,40,19.4,6.4
91107,2020/12/05,99,74,15.1,9.5
91107,2020/12/06,93,50,15.6,10.1
91107,2020/12/07,92,55,16.4,6.8
91107,2020/12/08,91,57,15.6,4.8
91107,2020/12/09,92,53,19.7,11.7
91107,2020/12/10,82,33,18.8,7.7
91107,2020/12/11,93,41,17.7,6.6
91107,2020/12/12,96,66,17.2,6.6
91107,2020/12/13,90,67,17.9,13.9
91107,2020/12/14,95,74,21,14.9
91107,2020/12/15,92,25,29,14.9
91107,2020/12/16,92,67,17.7,11.7
91107,2020/12/17,94,78,18.4,11.6
91107,2020/12/18,88,41,18.8,9.4
91107,2020/12/19,94,32,19.7,6.5
91107,2020/12/20,86,55,16.7,7.9
91107,2020/12/21,93,67,17.1,9.6
91107,2020/12/22,94,66,19.1,13.3
91107,2020/12/23,97,54,19.4,10.3
91107,2020/12/24,92,39,18.9,6.3
91107,2020/12/25,95,47,16,4.4
91107,2020/12/26,91,69,16.4,9.7
91107,2020/12/27,97,82,18.5,7.8
91107,2020/12/28,93,40,16.8,4.1
91107,2020/12/29,95,59,19.4,4.9
91107,2020/12/30,95,45,22.7,9.5
91107,2020/12/31,90,63,20.2,11.6
91107,2021/01/01,82,62,19.1,13.5
91107,2021/01/02,79,62,19.3,15.3
91107,2021/01/03,95,63,18.5,14.1
91107,2021/01/04,95,58,22.1,12.7
91107,2021/01/05,90,54,21.1,12.4
91107,2021/01/06,86,46,22.3,12.9
91107,2021/01/07,87,64,20,14.3
91107,2021/01/08,97,55,21.6,12.8
91107,2021/01/09,96,23,27.2,13.2
91107,2021/01/10,96,61,23,8.7
91107,2021/01/11,97,48,23.6,11.7
91107,2021/01/12,94,33,24.8,15.2
91107,2021/01/13,91,77,18.6,16.3
91107,2021/01/14,92,40,21,8.6
91107,2021/01/15,96,45,16.7,6
91107,2021/01/16,87,50,17.4,9.1
91107,2021/01/17,89,49,17.1,8.6
91107,2021/01/18,91,51,19.4,11.7
91107,2021/01/19,67,31,19.5,9.5
91107,2021/01/20,83,20,23,4.8
91107,2021/01/21,95,41,20.4,6.5
91107,2021/01/22,97,35,24.1,11.7
91107,2021/01/23,89,42,25.3,13
91107,2021/01/24,94,34,24.1,10.9
91107,2021/01/25,95,37,31.1,14.8
91107,2021/01/26,96,41,21.8,11.3
91107,2021/01/27,72,44,19.5,9.5
91107,2021/01/28,66,48,18.2,12.5
91107,2021/01/29,99,62,17.4,15.1
91107,2021/01/30,99,54,22.8,13.8
91107,2021/01/31,85,51,19.8,12
91107,2021/02/01,92,55,21,14.5
91107,2021/02/02,89,44,20,7.2
91107,2021/02/03,78,53,19.6,14.9
91107,2021/02/04,87,69,20.3,12.3
91107,2021/02/05,99,66,20.8,18.4
91107,2021/02/06,99,57,20.3,14.4
91107,2021/02/07,96,45,20,12.5
91107,2021/02/08,64,41,20.8,12.4
91107,2021/02/09,84,48,18.8,7.8
91107,2021/02/10,75,49,17.9,13.1
91107,2021/02/11,99,69,19.1,14.3
91107,2021/02/12,99,48,21.1,12.9
91107,2021/02/13,99,46,20.8,10.6
91107,2021/02/14,94,58,20.9,9.7
91107,2021/02/15,91,72,19.5,13.4
91107,2021/02/16,86,62,20.5,15.2
91107,2021/02/17,88,60,21.3,16.4
91107,2021/02/18,89,60,20.9,17.8
91107,2021/02/19,89,73,21.9,18.1
91107,2021/02/20,90,55,24.6,13.4
91107,2021/02/21,95,41,23.3,11.4
91107,2021/02/22,90,37,20.1,7.5
91107,2021/02/23,91,34,19.3,4.8
91107,2021/02/24,85,42,19.7,7.7
91107,2021/02/25,90,53,17.6,9.7
91107,2021/02/26,88,44,21.4,7.8
91107,2021/02/27,96,64,18.3,8.3
91107,2021/02/28,97,58,20.6,11.7
91107,2021/03/01,97,48,20.9,9.4
91107,2021/03/02,76,38,17.2,7
91107,2021/03/03,95,47,18.5,2.9
91107,2021/03/04,93,47,21,12.9
91107,2021/03/05,64,44,18.1,10.3
91107,2021/03/06,91,51,17.4,3.9
91107,2021/03/07,95,64,18.4,7.2
91107,2021/03/08,93,55,21.1,12.4
91107,2021/03/09,88,48,20.2,9.4
91107,2021/03/10,92,53,19.3,8
91107,2021/03/11,95,59,20.5,11.2
91107,2021/03/12,98,76,20.5,11.2
91107,2021/03/13,96,68,18.7,9.3
91107,2021/03/14,92,46,16.9,4.3
91107,2021/03/15,96,50,21.5,11.3
91107,2021/03/16,87,63,18.2,14.3
91107,2021/03/17,79,57,19,15.9
91107,2021/03/18,85,69,20.3,15.8
91107,2021/03/19,87,55,20.6,16.1
91107,2021/03/20,78,53,19.9,15.3
91107,2021/03/21,82,60,21,17
91107,2021/03/22,84,75,20.3,17
91107,2021/03/23,94,73,20.7,14.9
91107,2021/03/24,90,79,17.1,15.7
91107,2021/03/25,84,62,19.5,12.1
91107,2021/03/26,99,64,19,9
91107,2021/03/27,98,55,17.5,11
91107,2021/03/28,97,63,18.3,7.9
91107,2021/03/29,83,62,14.5,7.5
91107,2021/03/30,92,54,22.2,7.6
91107,2021/03/31,98,59,21.1,7.2
91107,2021/04/01,96,42,23.7,9.2
91107,2021/04/02,97,74,19.4,10.3
91107,2021/04/03,99,49,23.1,9.4
91107,2021/04/04,88,49,19.1,8
91107,2021/04/05,98,48,21.3,6
91107,2021/04/06,99,67,18.5,8.9
91107,2021/04/07,99,65,18.8,6.9
91107,2021/04/08,98,74,20.6,11.9
91107,2021/04/09,95,48,15.3,4.9
91107,2021/04/10,96,52,14.4,4.4
91107,2021/04/11,92,57,12.5,4
91107,2021/04/12,94,50,17.7,4.2
91107,2021/04/13,98,66,16.5,3.1
91107,2021/04/14,92,67,17.3,10.5
91107,2021/04/15,91,51,14.9,4.8
91107,2021/04/16,95,57,13.6,2.6
91107,2021/04/17,97,62,17.4,9.1
91107,2021/04/18,96,64,16.6,8.1
91107,2021/04/19,98,63,17.2,9
91107,2021/04/20,93,51,14.9,1.9
91107,2021/04/21,96,54,12.9,-0.8
91107,2021/04/22,94,64,15,9.3
91107,2021/04/23,94,55,15.7,7.8
91107,2021/04/24,99,60,16.6,4.7
91107,2021/04/25,99,58,16.1,2.5
91107,2021/04/26,94,60,18.1,7.6
91107,2021/04/27,98,54,18.4,4.2
91107,2021/04/28,99,63,15.4,5.6
91107,2021/04/29,99,76,16.9,8.6
91107,2021/04/30,99,72,16.5,9.5
91107,2021/05/01,98,77,16.5,10.9
91107,2021/05/02,99,83,15.1,9.1
91107,2021/05/03,99,59,19,9.5
91107,2021/05/04,89,48,14.6,4.5
91107,2021/05/05,99,65,15.2,3.3
91107,2021/05/06,99,63,16.4,5.1
91107,2021/05/07,100,94,16.3,11.1
91107,2021/05/08,99,60,17.7,4
91107,2021/05/09,99,75,14.4,3.6
91107,2021/05/10,95,63,15.1,9.4
91107,2021/05/11,76,51,12.6,7
91107,2021/05/12,99,61,14.2,6.6
91107,2021/05/13,99,67,14.5,2.5
91107,2021/05/14,99,60,11.6,3
91107,2021/05/15,98,55,11.5,3.4
91107,2021/05/16,99,66,13.6,1.3
91107,2021/05/17,97,58,13.1,1.5
91107,2021/05/18,99,69,15.5,3
91107,2021/05/19,99,77,14.6,6.4
91107,2021/05/20,99,53,13.9,2.6
91107,2021/05/21,99,60,14.4,1.2
91107,2021/05/22,99,69,14.6,3.9
91107,2021/05/23,99,81,14.8,3
91107,2021/05/24,99,85,15.1,5.9
91107,2021/05/25,99,68,17.1,10.2
91107,2021/05/26,93,64,13.4,7.8
91107,2021/05/27,96,59,12.7,6.9
91107,2021/05/28,91,49,12,3
91107,2021/05/29,98,55,10.2,-1.9
91107,2021/05/30,97,50,12.5,0.1
91107,2021/05/31,99,67,12.5,-0.6
91107,2021/06/01,99,75,13.9,2.9
91107,2021/06/02,99,79,13.3,3.4
91107,2021/06/03,99,69,15.6,2.6
91107,2021/06/04,99,57,10.7,-0.3
91107,2021/06/05,99,84,12.2,-0.4
91107,2021/06/06,99,80,14.1,2.9
91107,2021/06/07,95,69,15.1,10.3
91107,2021/06/08,99,90,12.2,8.3
91107,2021/06/09,99,53,15.8,5.8
91107,2021/06/10,99,52,17.1,6
91107,2021/06/11,99,63,18.9,7.4
91107,2021/06/12,92,58,18.5,9.5
91107,2021/06/13,96,64,17.2,9
91107,2021/06/14,99,83,13.5,10.5
91107,2021/06/15,99,88,13,8.4
91107,2021/06/16,98,84,13.1,10.4
91107,2021/06/17,99,67,15.1,6.7
91107,2021/06/18,99,58,16.9,5.4
91107,2021/06/19,99,63,13.9,2.1
91107,2021/06/20,99,78,12.3,2.3
91107,2021/06/21,99,82,11.8,5.6
91107,2021/06/22,99,71,12.6,2.3
91107,2021/06/23,93,79,13.5,9.8
91107,2021/06/24,99,85,13.1,5.5
91107,2021/06/25,99,69,12.7,2.5
91107,2021/06/26,99,67,12.4,4.2
91107,2021/06/27,99,64,12.8,1.9
91107,2021/06/28,99,63,13.4,1
91107,2021/06/29,98,68,12.6,5.5
91107,2021/06/30,98,84,13.4,9
91107,2021/07/01,96,82,14.3,11.5
91107,2021/07/02,90,77,13.9,10.7
91107,2021/07/03,99,69,11.2,4.7
91107,2021/07/04,99,67,11,3.6
91107,2021/07/05,99,70,10.9,2.9
91107,2021/07/06,99,68,13.4,1.1
91107,2021/07/07,99,62,10.6,0
91107,2021/07/08,99,69,10.7,0.1
91107,2021/07/09,99,54,12.1,-0.8
91107,2021/07/10,99,64,12.8,0.5
91107,2021/07/11,99,80,12.4,0.1
91107,2021/07/12,96,69,13.8,10.5
91107,2021/07/13,99,87,13.1,3.3
91107,2021/07/14,99,84,12.9,9.6
91107,2021/07/15,99,85,14.3,10.7
91107,2021/07/16,99,77,13.5,5.6
91107,2021/07/17,99,61,14.3,5.7
91107,2021/07/18,99,71,12.7,4.5
91107,2021/07/19,99,77,13.2,3.3
91107,2021/07/20,99,63,10.6,1.3
91107,2021/07/21,99,69,13.7,-0.5
91107,2021/07/22,99,70,11.8,0.8
91107,2021/07/23,97,70,11.2,7.8
91107,2021/07/24,99,73,11.4,6.1
91107,2021/07/25,97,66,8.5,2.9
91107,2021/07/26,99,82,13.6,5.8
91107,2021/07/27,95,66,14.2,11.2
91107,2021/07/28,95,64,14.2,6
91107,2021/07/29,99,65,14,3.4
91107,2021/07/30,99,70,12.7,5.5
91107,2021/07/31,99,77,14.2,8.5
91107,2021/08/01,99,69,11.9,1.8
91107,2021/08/02,99,73,13.5,1.1
91107,2021/08/03,99,72,12,5.2
91107,2021/08/04,99,69,13.1,4.9
91107,2021/08/05,95,70,13.8,8.1
91107,2021/08/06,88,70,14.4,9.4
91107,2021/08/07,95,55,14.5,2.2
91107,2021/08/08,98,72,10.9,0.2
91107,2021/08/09,99,81,13.4,5.3
91107,2021/08/10,99,69,14.5,5.8
91107,2021/08/11,96,74,13.4,7.4
91107,2021/08/12,98,58,13.3,7.6
91107,2021/08/13,98,67,14.3,9.1
91107,2021/08/14,99,67,15.1,4.2
91107,2021/08/15,94,71,14.6,6.9
91107,2021/08/16,87,66,11.3,6.8
91107,2021/08/17,97,51,13.8,3.2
91107,2021/08/18,99,60,15.1,1.8
91107,2021/08/19,99,63,14.2,4.8
91107,2021/08/20,99,79,13.1,7.8
91107,2021/08/21,99,58,15.3,9.1
91107,2021/08/22,99,73,14.8,9.8
91107,2021/08/23,97,58,12.6,5.8
91107,2021/08/24,94,52,13.3,-0.1
91107,2021/08/25,89,50,11.5,3.8
91107,2021/08/26,95,49,11.5,0.5
91107,2021/08/27,97,57,11.8,2.2
91107,2021/08/28,91,67,11.6,6.8
91107,2021/08/29,99,83,10.9,5.5
91107,2021/08/30,99,74,14.1,6.2
91107,2021/08/31,94,72,14.2,10.6
91107,2021/09/01,99,74,14.4,3.1
91107,2021/09/02,99,45,19.9,5.7
91107,2021/09/03,99,83,14.1,8.4
91107,2021/09/04,99,42,14.8,6.1
91107,2021/09/05,96,51,14.3,4
91107,2021/09/06,88,48,14.3,6.2
91107,2021/09/07,87,46,14.2,6
91107,2021/09/08,98,65,14.8,3.5
91107,2021/09/09,89,60,17,8.7
91107,2021/09/10,96,59,12.2,6.2
91107,2021/09/11,96,60,15.6,6.5
91107,2021/09/12,99,49,12.6,1.5
91107,2021/09/13,96,46,13.2,0.7
91107,2021/09/14,98,64,12.5,0.7
91107,2021/09/15,99,58,13.4,2.1
91107,2021/09/16,98,44,13.3,2.5
91107,2021/09/17,95,72,13.2,3.2
91107,2021/09/18,99,59,12.7,6
91107,2021/09/19,97,63,13.7,6.3
91107,2021/09/20,91,53,11.9,4.2
91107,2021/09/21,96,58,11.8,1.3
91107,2021/09/22,92,62,17.7,8.8
91107,2021/09/23,98,74,14.6,9.1
91107,2021/09/24,99,55,14.6,3.7
91107,2021/09/25,96,47,11.7,1.3
91107,2021/09/26,98,58,12.2,-1
91107,2021/09/27,99,67,13.7,1.2
91107,2021/09/28,99,75,14.1,3.7
91107,2021/09/29,99,67,15,5.3
91107,2021/09/30,72,56,17.5,9.5
91107,2021/10/01,97,66,18.6,13.7
91107,2021/10/02,99,59,20.9,9.8
91107,2021/10/03,99,49,21.6,7.6
91107,2021/10/04,99,71,14.5,10.7
,,,,,
,,,,,
